item,legs%,socks,foot,arms,torso,tattoo,pants,shirt,head,face,eyes,hat,acc,logo,nude,no shirt,no pants,horned,limbs,solid_1,# of traits,rarity?
1,0.27,0.49,0.03,0.26,0.24,0.10,0.04,0.04,0.24,0.20,0.07,0.06,0.03,0.77,0.01,0.96,0.96,0.89,0.28,0.92,0.01,6.86
2,0.24,0.09,0.06,0.22,0.28,0.10,0.04,0.04,0.28,0.18,0.04,0.04,0.03,0.77,0.01,0.96,0.96,0.89,0.28,0.92,0.12,2.41
3,0.27,0.49,0.06,0.26,0.24,0.10,0.05,0.04,0.24,0.20,0.05,0.06,0.02,0.02,0.99,0.96,0.96,0.10,0.28,0.08,0.03,2.10
4,0.23,0.07,0.06,0.27,0.28,0.10,0.02,0.04,0.28,0.18,0.05,0.06,0.03,0.03,0.99,0.96,0.96,0.89,0.28,0.08,0.01,1.70
5,0.23,0.49,0.07,0.24,0.24,0.13,0.06,0.04,0.24,0.22,0.06,0.03,0.02,0.77,0.99,0.03,0.96,0.89,0.28,0.08,0.39,2.84
6,0.24,0.49,0.06,0.22,0.22,0.12,0.05,0.03,0.22,0.19,0.05,0.05,0.07,0.77,0.99,0.96,0.96,0.89,0.28,0.08,0.39,2.78
7,0.24,0.07,0.08,0.22,0.24,0.10,0.03,0.04,0.24,0.20,0.05,0.06,0.03,0.77,0.99,0.03,0.96,0.89,0.28,0.92,0.39,2.37
8,0.23,0.08,0.05,0.27,0.22,0.12,0.04,0.04,0.22,0.19,0.08,0.04,0.03,0.77,0.99,0.03,0.96,0.89,0.28,0.92,0.39,2.38
9,0.23,0.49,0.07,0.24,0.28,0.12,0.03,0.04,0.28,0.20,0.05,0.05,0.07,0.77,0.99,0.96,0.96,0.89,0.28,0.92,0.39,2.92
10,0.27,0.49,0.06,0.26,0.28,0.12,0.05,0.03,0.28,0.19,0.07,0.05,0.03,0.77,0.99,0.96,0.96,0.89,0.28,0.92,0.12,2.95
11,0.24,0.49,0.07,0.24,0.22,0.12,0.05,0.04,0.22,0.19,0.05,0.06,0.02,0.77,0.99,0.96,0.96,0.89,0.71,0.92,0.12,2.78
12,0.23,0.09,0.04,0.22,0.22,0.10,0.05,0.03,0.22,0.22,0.05,0.06,0.03,0.77,0.99,0.96,0.96,0.89,0.71,0.92,0.12,2.33
13,0.24,0.49,0.06,0.24,0.28,0.12,0.02,0.06,0.28,0.22,0.05,0.05,0.05,0.77,0.99,0.96,0.96,0.89,0.71,0.92,0.39,2.93
14,0.23,0.49,0.06,0.27,0.24,0.10,0.05,0.03,0.24,0.20,0.05,0.04,0.02,0.01,0.99,0.96,0.96,0.89,0.28,0.92,0.39,2.03
15,0.23,0.49,0.06,0.24,0.28,0.12,0.05,0.03,0.28,0.18,0.06,0.05,0.03,0.77,0.99,0.96,0.96,0.89,0.71,0.92,0.39,2.87
16,0.23,0.49,0.06,0.27,0.28,0.10,0.05,0.04,0.28,0.22,0.07,0.05,0.02,0.77,0.99,0.96,0.96,0.89,0.28,0.08,0.39,2.93
17,0.27,0.06,0.07,0.26,0.24,0.10,0.05,0.03,0.24,0.22,0.04,0.04,0.03,0.77,0.99,0.96,0.96,0.89,0.28,0.92,0.39,2.42
18,0.24,0.11,0.07,0.27,0.28,0.12,0.06,0.05,0.28,0.22,0.04,0.05,0.02,0.02,0.99,0.96,0.96,0.89,0.71,0.92,0.12,1.83
19,0.27,0.07,0.06,0.22,0.28,0.12,0.03,0.03,0.28,0.20,0.05,0.05,0.03,0.77,0.99,0.96,0.96,0.89,0.71,0.92,0.39,2.46
20,0.27,0.06,0.07,0.24,0.24,0.10,0.03,0.04,0.24,0.22,0.05,0.05,0.07,0.77,0.99,0.96,0.96,0.89,0.71,0.92,0.39,2.45
21,0.27,0.08,0.04,0.22,0.28,0.10,0.03,0.04,0.28,0.19,0.04,0.06,0.07,0.77,0.99,0.96,0.96,0.89,0.71,0.92,0.39,2.47
22,0.23,0.11,0.08,0.24,0.24,0.12,0.06,0.04,0.24,0.20,0.05,0.06,0.02,0.77,0.99,0.96,0.96,0.89,0.28,0.08,0.25,2.46
23,0.23,0.49,0.06,0.22,0.24,0.10,0.03,0.04,0.24,0.20,0.05,0.03,0.06,0.77,0.99,0.96,0.96,0.89,0.71,0.92,0.39,2.76
24,0.23,0.49,0.08,0.27,0.28,0.10,0.04,0.03,0.28,0.20,0.06,0.04,0.04,0.02,0.99,0.96,0.96,0.89,0.28,0.08,0.12,2.16
25,0.27,0.09,0.04,0.22,0.28,0.08,0.03,0.03,0.28,0.22,0.05,0.04,0.03,0.01,0.99,0.96,0.96,0.89,0.71,0.92,0.25,1.67
26,0.23,0.49,0.06,0.27,0.24,0.10,0.05,0.04,0.24,0.20,0.06,0.06,0.04,0.02,0.99,0.96,0.96,0.89,0.28,0.92,0.25,2.10
27,0.23,0.49,0.06,0.27,0.28,0.10,0.03,0.04,0.28,0.20,0.07,0.06,0.03,0.77,0.99,0.96,0.96,0.89,0.28,0.08,0.12,2.91
28,0.23,0.49,0.05,0.24,0.28,0.12,0.04,0.03,0.28,0.19,0.06,0.04,0.04,0.77,0.99,0.96,0.96,0.89,0.28,0.92,0.39,2.86
29,0.27,0.49,0.07,0.27,0.24,0.10,0.04,0.04,0.24,0.20,0.04,0.06,0.03,0.77,0.99,0.96,0.96,0.89,0.71,0.92,0.12,2.86
30,0.24,0.11,0.07,0.24,0.22,0.10,0.05,0.04,0.22,0.19,0.07,0.03,0.01,0.02,0.99,0.96,0.96,0.89,0.71,0.92,0.25,1.61
31,0.27,0.09,0.06,0.26,0.28,0.13,0.06,0.02,0.28,0.20,0.04,0.06,0.03,0.02,0.99,0.96,0.96,0.89,0.28,0.92,0.12,1.80
32,0.23,0.09,0.04,0.24,0.22,0.10,0.02,0.04,0.22,0.19,0.05,0.04,0.04,0.03,0.99,0.96,0.96,0.89,0.71,0.92,0.25,1.55
33,0.27,0.07,0.07,0.24,0.28,0.12,0.06,0.04,0.28,0.19,0.05,0.06,0.04,0.02,0.99,0.96,0.96,0.89,0.71,0.92,0.25,1.79
34,0.23,0.49,0.02,0.26,0.22,0.10,0.04,0.02,0.22,0.20,0.05,0.03,0.07,0.77,0.99,0.96,0.96,0.89,0.71,0.92,0.39,2.72
35,0.27,0.07,0.04,0.22,0.24,0.10,0.02,0.03,0.24,0.22,0.05,0.05,0.07,0.01,0.99,0.96,0.96,0.89,0.71,0.92,0.25,1.63
36,0.23,0.49,0.05,0.24,0.24,0.13,0.03,0.03,0.24,0.19,0.08,0.04,0.06,0.03,0.99,0.96,0.96,0.89,0.71,0.92,0.25,2.08
37,0.27,0.09,0.06,0.26,0.28,0.12,0.05,0.04,0.28,0.18,0.05,0.04,0.02,0.77,0.99,0.03,0.96,0.89,0.28,0.92,0.25,2.51
38,0.24,0.08,0.06,0.27,0.28,0.12,0.03,0.03,0.28,0.19,0.05,0.04,0.05,0.77,0.99,0.96,0.96,0.10,0.71,0.92,0.25,2.49
39,0.23,0.49,0.06,0.26,0.24,0.13,0.04,0.03,0.24,0.18,0.05,0.04,0.07,0.77,0.99,0.96,0.03,0.89,0.71,0.92,0.39,2.83
40,0.24,0.49,0.02,0.24,0.28,0.12,0.04,0.04,0.28,0.22,0.06,0.06,0.02,0.77,0.99,0.96,0.96,0.89,0.71,0.92,0.25,2.88
41,0.23,0.49,0.06,0.22,0.22,0.10,0.06,0.04,0.22,0.20,0.06,0.06,0.06,0.03,0.99,0.96,0.96,0.89,0.71,0.92,0.39,2.05
42,0.23,0.49,0.06,0.24,0.24,0.12,0.03,0.03,0.24,0.22,0.06,0.04,0.02,0.02,0.99,0.96,0.96,0.89,0.28,0.92,0.12,2.04
43,0.27,0.07,0.05,0.24,0.24,0.12,0.02,0.04,0.24,0.19,0.06,0.06,0.03,0.77,0.99,0.96,0.96,0.89,0.71,0.92,0.39,2.40
44,0.23,0.07,0.07,0.24,0.24,0.13,0.04,0.03,0.24,0.19,0.06,0.06,0.06,0.77,0.99,0.96,0.96,0.10,0.71,0.92,0.25,2.43
45,0.24,0.49,0.06,0.22,0.28,0.08,0.05,0.03,0.28,0.20,0.05,0.06,0.05,0.77,0.99,0.96,0.96,0.89,0.28,0.92,0.12,2.86
46,0.23,0.49,0.07,0.22,0.24,0.12,0.03,0.04,0.24,0.20,0.04,0.05,0.07,0.77,0.99,0.96,0.96,0.89,0.71,0.92,0.39,2.81
47,0.24,0.49,0.02,0.22,0.24,0.08,0.03,0.05,0.24,0.20,0.04,0.04,0.04,0.77,0.99,0.96,0.96,0.10,0.28,0.92,0.39,2.70
48,0.24,0.49,0.07,0.27,0.24,0.08,0.05,0.05,0.24,0.20,0.06,0.06,0.03,0.77,0.99,0.96,0.96,0.89,0.71,0.92,0.04,2.85
49,0.23,0.49,0.07,0.27,0.22,0.10,0.03,0.04,0.22,0.20,0.05,0.04,0.03,0.77,0.99,0.96,0.96,0.10,0.28,0.92,0.25,2.76
50,0.23,0.08,0.07,0.27,0.28,0.10,0.04,0.05,0.28,0.18,0.05,0.04,0.07,0.77,0.99,0.96,0.96,0.89,0.28,0.08,0.39,2.51
51,0.23,0.07,0.06,0.26,0.24,0.12,0.05,0.04,0.24,0.20,0.05,0.04,0.02,0.02,0.99,0.96,0.96,0.89,0.71,0.92,0.12,1.64
52,0.27,0.09,0.06,0.24,0.22,0.08,0.03,0.03,0.22,0.19,0.04,0.06,0.03,0.77,0.99,0.96,0.96,0.10,0.71,0.92,0.39,2.33
53,0.23,0.49,0.06,0.27,0.28,0.12,0.02,0.03,0.28,0.20,0.05,0.06,0.03,0.77,0.99,0.96,0.96,0.89,0.28,0.08,0.12,2.89
54,0.27,0.49,0.08,0.26,0.24,0.12,0.03,0.06,0.24,0.18,0.05,0.03,0.02,0.02,0.99,0.96,0.96,0.89,0.28,0.92,0.12,2.09
55,0.23,0.49,0.06,0.24,0.28,0.12,0.06,0.03,0.28,0.20,0.04,0.04,0.02,0.77,0.99,0.96,0.96,0.89,0.28,0.92,0.04,2.86
56,0.23,0.49,0.06,0.27,0.24,0.12,0.04,0.04,0.24,0.19,0.08,0.06,0.01,0.77,0.01,0.96,0.96,0.10,0.28,0.92,0.03,2.84
57,0.23,0.49,0.06,0.27,0.24,0.10,0.05,0.03,0.24,0.18,0.05,0.06,0.02,0.77,0.99,0.96,0.96,0.89,0.71,0.92,0.25,2.79
58,0.23,0.07,0.06,0.27,0.24,0.10,0.04,0.04,0.24,0.18,0.08,0.05,0.02,0.77,0.99,0.96,0.96,0.89,0.71,0.92,0.04,2.39
59,0.23,0.07,0.05,0.26,0.28,0.10,0.05,0.03,0.28,0.20,0.05,0.05,0.05,0.03,0.99,0.96,0.96,0.89,0.71,0.92,0.25,1.73
60,0.23,0.06,0.06,0.27,0.24,0.10,0.04,0.05,0.24,0.20,0.05,0.04,0.04,0.77,0.99,0.96,0.96,0.89,0.71,0.92,0.39,2.39
61,0.23,0.08,0.06,0.27,0.28,0.10,0.02,0.04,0.28,0.20,0.05,0.04,0.03,0.77,0.99,0.96,0.96,0.89,0.71,0.92,0.12,2.45
62,0.27,0.07,0.06,0.26,0.24,0.10,0.05,0.04,0.24,0.19,0.07,0.05,0.02,0.02,0.99,0.96,0.96,0.89,0.28,0.92,0.12,1.68
63,0.24,0.08,0.06,0.24,0.24,0.12,0.06,0.03,0.24,0.20,0.05,0.06,0.05,0.77,0.99,0.96,0.96,0.89,0.71,0.92,0.39,2.44
64,0.24,0.07,0.06,0.27,0.22,0.12,0.02,0.05,0.22,0.18,0.05,0.06,0.02,0.77,0.99,0.96,0.96,0.89,0.71,0.92,0.25,2.35
65,0.27,0.49,0.06,0.26,0.28,0.10,0.05,0.03,0.28,0.20,0.05,0.06,0.02,0.77,0.99,0.96,0.96,0.89,0.28,0.92,0.00,2.92
66,0.27,0.49,0.08,0.22,0.24,0.12,0.05,0.06,0.24,0.22,0.04,0.03,0.02,0.03,0.99,0.96,0.96,0.89,0.71,0.92,0.00,2.11
67,0.27,0.49,0.06,0.22,0.22,0.13,0.03,0.04,0.22,0.22,0.06,0.03,0.03,0.77,0.99,0.96,0.96,0.89,0.71,0.92,0.00,2.79
68,0.27,0.07,0.06,0.26,0.28,0.10,0.05,0.04,0.28,0.19,0.05,0.04,0.03,0.77,0.99,0.03,0.96,0.10,0.28,0.92,0.00,2.49
69,0.23,0.07,0.06,0.24,0.22,0.12,0.05,0.03,0.22,0.18,0.05,0.06,0.05,0.77,0.99,0.96,0.96,0.89,0.28,0.92,0.00,2.35
70,0.27,0.49,0.05,0.27,0.28,0.12,0.03,0.04,0.28,0.18,0.05,0.04,0.03,0.03,0.99,0.96,0.96,0.89,0.71,0.92,0.00,2.16
71,0.23,0.07,0.07,0.24,0.22,0.10,0.04,0.02,0.22,0.19,0.06,0.06,0.03,0.77,0.99,0.96,0.96,0.10,0.28,0.92,0.00,2.32
72,0.27,0.49,0.06,0.27,0.28,0.10,0.04,0.06,0.28,0.20,0.07,0.04,0.03,0.77,0.99,0.96,0.96,0.89,0.71,0.92,0.00,2.96
73,0.27,0.09,0.06,0.24,0.24,0.10,0.04,0.03,0.24,0.22,0.05,0.04,0.07,0.77,0.99,0.96,0.96,0.89,0.71,0.92,0.00,2.46
74,0.23,0.49,0.06,0.22,0.28,0.10,0.04,0.04,0.28,0.22,0.04,0.03,0.02,0.77,0.99,0.03,0.96,0.89,0.71,0.92,0.00,2.82
75,0.24,0.06,0.06,0.22,0.22,0.10,0.04,0.04,0.22,0.19,0.04,0.05,0.06,0.77,0.99,0.96,0.03,0.89,0.28,0.08,0.00,2.31
76,0.23,0.49,0.07,0.27,0.22,0.12,0.06,0.03,0.22,0.19,0.08,0.05,0.04,0.77,0.99,0.96,0.96,0.89,0.28,0.92,0.00,2.84
77,0.27,0.49,0.05,0.26,0.24,0.12,0.02,0.03,0.24,0.20,0.04,0.05,0.02,0.77,0.99,0.96,0.96,0.89,0.28,0.08,0.00,2.80
78,0.24,0.49,0.02,0.26,0.22,0.10,0.05,0.03,0.22,0.22,0.05,0.06,0.07,0.77,0.99,0.96,0.96,0.10,0.71,0.92,0.00,2.80
79,0.23,0.09,0.06,0.27,0.28,0.12,0.04,0.06,0.28,0.18,0.05,0.04,0.07,0.77,0.99,0.96,0.96,0.89,0.28,0.08,0.00,2.54
80,0.23,0.49,0.06,0.24,0.24,0.10,0.03,0.04,0.24,0.22,0.05,0.06,0.06,0.77,0.99,0.96,0.96,0.89,0.28,0.08,0.00,2.83
81,0.24,0.49,0.06,0.26,0.22,0.13,0.05,0.04,0.22,0.22,0.05,0.05,0.06,0.77,0.99,0.03,0.96,0.89,0.71,0.92,0.00,2.86
82,0.24,0.49,0.02,0.24,0.28,0.13,0.04,0.04,0.28,0.20,0.05,0.04,0.02,0.77,0.99,0.96,0.03,0.10,0.71,0.92,0.00,2.84
83,0.23,0.07,0.04,0.27,0.24,0.12,0.05,0.03,0.24,0.20,0.05,0.04,0.02,0.77,0.99,0.96,0.96,0.89,0.71,0.92,0.00,2.37
84,0.23,0.09,0.06,0.22,0.28,0.10,0.02,0.04,0.28,0.18,0.06,0.06,0.06,0.02,0.99,0.96,0.96,0.89,0.71,0.92,0.00,1.70
85,0.27,0.11,0.06,0.26,0.24,0.10,0.06,0.03,0.24,0.18,0.05,0.05,0.07,0.02,0.99,0.96,0.96,0.89,0.28,0.92,0.00,1.74
86,0.23,0.09,0.06,0.22,0.24,0.12,0.04,0.02,0.24,0.18,0.05,0.06,0.06,0.77,0.99,0.96,0.96,0.89,0.71,0.92,0.00,2.38
87,0.23,0.49,0.06,0.22,0.24,0.10,0.03,0.04,0.24,0.20,0.08,0.05,0.02,0.77,0.99,0.96,0.96,0.89,0.71,0.92,0.00,2.77
88,0.24,0.07,0.06,0.22,0.28,0.10,0.03,0.03,0.28,0.19,0.08,0.05,0.05,0.02,0.99,0.96,0.96,0.89,0.28,0.92,0.00,1.70
89,0.23,0.49,0.02,0.27,0.24,0.10,0.04,0.05,0.24,0.20,0.04,0.06,0.06,0.77,0.99,0.96,0.96,0.89,0.28,0.92,0.00,2.81
90,0.27,0.06,0.06,0.22,0.24,0.10,0.05,0.03,0.24,0.19,0.05,0.03,0.05,0.77,0.99,0.96,0.96,0.89,0.71,0.92,0.00,2.36
91,0.27,0.49,0.06,0.24,0.24,0.12,0.03,0.04,0.24,0.22,0.08,0.06,0.05,0.01,0.99,0.96,0.96,0.89,0.71,0.92,0.00,2.15
92,0.23,0.07,0.08,0.27,0.22,0.10,0.06,0.03,0.22,0.22,0.05,0.06,0.02,0.02,0.99,0.96,0.96,0.89,0.71,0.92,0.00,1.65
93,0.24,0.49,0.07,0.26,0.22,0.10,0.05,0.03,0.22,0.18,0.05,0.04,0.02,0.77,0.99,0.96,0.96,0.89,0.71,0.92,0.00,2.74
94,0.23,0.11,0.06,0.27,0.24,0.12,0.03,0.03,0.24,0.19,0.05,0.05,0.02,0.77,0.99,0.96,0.96,0.89,0.28,0.92,0.00,2.41
95,0.27,0.49,0.05,0.24,0.24,0.13,0.03,0.05,0.24,0.19,0.08,0.05,0.03,0.77,0.99,0.96,0.96,0.89,0.71,0.92,0.00,2.86
96,0.27,0.06,0.06,0.24,0.28,0.08,0.05,0.04,0.28,0.20,0.05,0.05,0.02,0.77,0.99,0.96,0.96,0.89,0.71,0.92,0.00,2.45
97,0.23,0.07,0.07,0.26,0.22,0.12,0.05,0.04,0.22,0.18,0.05,0.03,0.05,0.02,0.99,0.96,0.96,0.89,0.71,0.92,0.00,1.61
98,0.24,0.49,0.06,0.22,0.28,0.12,0.03,0.02,0.28,0.18,0.05,0.04,0.06,0.77,0.99,0.96,0.96,0.89,0.28,0.92,0.00,2.84
99,0.23,0.09,0.06,0.24,0.28,0.10,0.03,0.03,0.28,0.22,0.05,0.06,0.02,0.77,0.99,0.96,0.96,0.89,0.28,0.92,0.00,2.46
100,0.24,0.08,0.06,0.26,0.22,0.12,0.05,0.05,0.22,0.19,0.05,0.05,0.07,0.77,0.99,0.96,0.96,0.89,0.71,0.92,0.00,2.43
101,0.24,0.49,0.07,0.26,0.24,0.10,0.03,0.05,0.24,0.20,0.05,0.06,0.02,0.77,0.99,0.96,0.96,0.89,0.71,0.92,0.00,2.82
102,0.23,0.49,0.07,0.22,0.28,0.10,0.05,0.03,0.28,0.20,0.05,0.05,0.03,0.77,0.99,0.96,0.96,0.89,0.71,0.92,0.00,2.85
103,0.23,0.49,0.06,0.26,0.24,0.12,0.06,0.04,0.24,0.18,0.05,0.06,0.07,0.77,0.99,0.96,0.96,0.89,0.71,0.92,0.00,2.87
104,0.27,0.09,0.05,0.27,0.24,0.12,0.05,0.04,0.24,0.20,0.05,0.03,0.03,0.03,0.99,0.96,0.96,0.89,0.71,0.92,0.00,1.71
105,0.23,0.49,0.06,0.27,0.24,0.12,0.03,0.06,0.24,0.20,0.05,0.04,0.03,0.02,0.99,0.96,0.96,0.10,0.71,0.92,0.00,2.08
106,0.23,0.49,0.07,0.27,0.24,0.12,0.04,0.04,0.24,0.22,0.05,0.06,0.03,0.77,0.99,0.96,0.96,0.89,0.71,0.92,0.00,2.87
107,0.24,0.07,0.06,0.24,0.28,0.12,0.04,0.04,0.28,0.18,0.08,0.05,0.07,0.77,0.99,0.03,0.96,0.89,0.71,0.92,0.00,2.52
108,0.23,0.07,0.06,0.22,0.24,0.12,0.05,0.04,0.24,0.22,0.05,0.06,0.07,0.77,0.99,0.96,0.96,0.10,0.71,0.92,0.00,2.44
109,0.24,0.07,0.08,0.24,0.24,0.08,0.04,0.06,0.24,0.20,0.05,0.04,0.06,0.77,0.99,0.96,0.96,0.89,0.71,0.92,0.00,2.41
110,0.27,0.49,0.06,0.26,0.22,0.08,0.05,0.06,0.22,0.20,0.08,0.04,0.03,0.03,0.99,0.96,0.96,0.89,0.28,0.92,0.00,2.09
111,0.23,0.49,0.05,0.27,0.24,0.10,0.04,0.05,0.24,0.18,0.04,0.06,0.07,0.77,0.99,0.96,0.96,0.89,0.71,0.92,0.00,2.83
112,0.23,0.49,0.05,0.26,0.24,0.12,0.05,0.05,0.24,0.20,0.05,0.03,0.02,0.77,0.99,0.96,0.96,0.89,0.71,0.92,0.00,2.80
113,0.27,0.08,0.08,0.27,0.24,0.13,0.03,0.04,0.24,0.20,0.04,0.05,0.02,0.77,0.99,0.96,0.96,0.89,0.71,0.92,0.00,2.46
114,0.23,0.49,0.02,0.22,0.28,0.10,0.05,0.03,0.28,0.19,0.05,0.04,0.03,0.77,0.99,0.96,0.96,0.89,0.71,0.92,0.00,2.78
115,0.24,0.08,0.06,0.26,0.24,0.13,0.03,0.04,0.24,0.20,0.07,0.03,0.06,0.77,0.99,0.96,0.96,0.89,0.71,0.92,0.00,2.45
116,0.23,0.49,0.06,0.26,0.22,0.13,0.05,0.03,0.22,0.19,0.06,0.04,0.03,0.03,0.99,0.96,0.96,0.89,0.71,0.92,0.00,2.04
117,0.23,0.07,0.06,0.26,0.24,0.12,0.06,0.03,0.24,0.20,0.05,0.05,0.03,0.77,0.99,0.96,0.96,0.89,0.71,0.92,0.00,2.41
118,0.23,0.49,0.06,0.27,0.24,0.08,0.04,0.03,0.24,0.22,0.07,0.06,0.01,0.77,0.99,0.96,0.96,0.89,0.71,0.92,0.00,2.81
119,0.24,0.08,0.07,0.22,0.22,0.10,0.05,0.04,0.22,0.20,0.04,0.06,0.02,0.03,0.99,0.96,0.96,0.89,0.28,0.08,0.00,1.59
120,0.24,0.11,0.06,0.26,0.22,0.13,0.03,0.04,0.22,0.22,0.05,0.03,0.06,0.03,0.99,0.96,0.96,0.89,0.71,0.92,0.00,1.70
121,0.23,0.49,0.02,0.27,0.24,0.10,0.04,0.05,0.24,0.22,0.04,0.05,0.07,0.77,0.99,0.96,0.96,0.89,0.28,0.92,0.00,2.83
122,0.24,0.11,0.06,0.26,0.24,0.13,0.05,0.03,0.24,0.22,0.05,0.06,0.03,0.03,0.99,0.96,0.96,0.89,0.71,0.92,0.00,1.75
123,0.23,0.09,0.06,0.27,0.28,0.12,0.03,0.03,0.28,0.22,0.05,0.06,0.03,0.77,0.99,0.96,0.96,0.89,0.71,0.92,0.00,2.52
124,0.27,0.09,0.06,0.22,0.24,0.12,0.05,0.04,0.24,0.19,0.05,0.04,0.04,0.02,0.99,0.96,0.96,0.89,0.71,0.92,0.00,1.67
125,0.23,0.08,0.06,0.27,0.24,0.12,0.05,0.03,0.24,0.20,0.05,0.04,0.07,0.77,0.99,0.96,0.96,0.89,0.28,0.92,0.00,2.45
126,0.23,0.11,0.06,0.26,0.22,0.13,0.04,0.03,0.22,0.20,0.04,0.06,0.05,0.77,0.99,0.96,0.03,0.89,0.71,0.92,0.00,2.42
127,0.23,0.49,0.02,0.24,0.22,0.12,0.04,0.04,0.22,0.22,0.08,0.04,0.02,0.77,0.01,0.96,0.96,0.89,0.28,0.92,0.00,2.75
128,0.24,0.11,0.06,0.24,0.24,0.12,0.04,0.03,0.24,0.19,0.08,0.04,0.05,0.77,0.99,0.96,0.96,0.89,0.71,0.92,0.00,2.45
129,0.24,0.49,0.06,0.27,0.24,0.12,0.06,0.04,0.24,0.19,0.05,0.06,0.03,0.77,0.99,0.96,0.96,0.89,0.71,0.92,0.00,2.86
130,0.23,0.49,0.06,0.27,0.28,0.10,0.04,0.04,0.28,0.18,0.07,0.06,0.03,0.03,0.99,0.96,0.96,0.89,0.28,0.08,0.00,2.16
131,0.24,0.07,0.06,0.22,0.24,0.08,0.06,0.04,0.24,0.20,0.05,0.06,0.05,0.77,0.99,0.96,0.96,0.89,0.28,0.92,0.00,2.38
132,0.24,0.11,0.06,0.27,0.24,0.10,0.03,0.02,0.24,0.19,0.06,0.05,0.03,0.77,0.99,0.96,0.96,0.89,0.71,0.92,0.00,2.41
133,0.23,0.08,0.06,0.22,0.24,0.12,0.04,0.03,0.24,0.20,0.05,0.05,0.03,0.77,0.99,0.96,0.96,0.89,0.71,0.92,0.00,2.36
134,0.23,0.06,0.05,0.27,0.22,0.10,0.04,0.03,0.22,0.20,0.07,0.05,0.04,0.77,0.99,0.96,0.96,0.89,0.71,0.92,0.00,2.35
135,0.27,0.08,0.06,0.24,0.28,0.08,0.04,0.04,0.28,0.20,0.05,0.05,0.05,0.77,0.99,0.96,0.96,0.89,0.71,0.92,0.00,2.49
136,0.23,0.49,0.05,0.22,0.22,0.10,0.03,0.03,0.22,0.20,0.06,0.03,0.03,0.77,0.99,0.96,0.96,0.89,0.71,0.92,0.00,2.68
137,0.27,0.08,0.07,0.26,0.22,0.12,0.03,0.02,0.22,0.18,0.05,0.05,0.07,0.77,0.99,0.96,0.96,0.89,0.28,0.92,0.00,2.41
138,0.24,0.49,0.06,0.24,0.28,0.10,0.04,0.03,0.28,0.22,0.05,0.06,0.01,0.77,0.99,0.96,0.96,0.89,0.71,0.92,0.00,2.87
139,0.27,0.11,0.06,0.24,0.28,0.10,0.05,0.04,0.28,0.20,0.05,0.04,0.01,0.77,0.99,0.96,0.96,0.89,0.71,0.92,0.00,2.50
140,0.24,0.49,0.06,0.24,0.24,0.10,0.05,0.03,0.24,0.22,0.07,0.04,0.05,0.77,0.99,0.96,0.96,0.89,0.71,0.92,0.00,2.84
141,0.24,0.49,0.07,0.24,0.22,0.13,0.05,0.03,0.22,0.22,0.05,0.05,0.03,0.77,0.99,0.96,0.96,0.89,0.71,0.92,0.00,2.81
142,0.23,0.11,0.06,0.24,0.28,0.10,0.03,0.03,0.28,0.18,0.05,0.03,0.02,0.03,0.99,0.96,0.96,0.89,0.28,0.92,0.00,1.67
143,0.23,0.07,0.06,0.26,0.22,0.13,0.04,0.03,0.22,0.20,0.08,0.05,0.02,0.77,0.99,0.96,0.03,0.89,0.71,0.92,0.00,2.38
144,0.24,0.49,0.06,0.26,0.22,0.10,0.04,0.05,0.22,0.22,0.08,0.03,0.03,0.77,0.99,0.96,0.96,0.89,0.71,0.92,0.00,2.81
145,0.27,0.08,0.06,0.26,0.28,0.10,0.06,0.03,0.28,0.19,0.05,0.03,0.03,0.77,0.99,0.96,0.96,0.89,0.28,0.92,0.00,2.49
146,0.23,0.07,0.04,0.26,0.24,0.08,0.05,0.03,0.24,0.20,0.04,0.05,0.04,0.77,0.99,0.96,0.96,0.89,0.71,0.92,0.00,2.34
147,0.27,0.49,0.06,0.24,0.28,0.12,0.05,0.03,0.28,0.22,0.05,0.05,0.07,0.77,0.99,0.96,0.96,0.89,0.71,0.92,0.00,2.98
148,0.27,0.11,0.06,0.22,0.28,0.13,0.05,0.03,0.28,0.18,0.05,0.05,0.05,0.77,0.99,0.96,0.96,0.89,0.71,0.92,0.00,2.53
149,0.23,0.08,0.06,0.26,0.24,0.10,0.05,0.04,0.24,0.18,0.04,0.05,0.05,0.77,0.99,0.96,0.96,0.89,0.71,0.92,0.00,2.39
150,0.23,0.08,0.06,0.27,0.24,0.10,0.05,0.04,0.24,0.20,0.05,0.06,0.03,0.77,0.99,0.96,0.96,0.10,0.71,0.92,0.00,2.42
151,0.23,0.07,0.06,0.27,0.22,0.13,0.05,0.06,0.22,0.20,0.05,0.06,0.07,0.77,0.99,0.96,0.96,0.89,0.28,0.92,0.00,2.46
152,0.27,0.49,0.06,0.27,0.24,0.10,0.04,0.03,0.24,0.18,0.05,0.04,0.07,0.77,0.99,0.96,0.96,0.10,0.71,0.92,0.00,2.85
153,0.24,0.49,0.06,0.27,0.24,0.13,0.04,0.04,0.24,0.20,0.05,0.06,0.07,0.02,0.99,0.96,0.96,0.89,0.71,0.92,0.00,2.15
154,0.23,0.11,0.06,0.22,0.22,0.12,0.06,0.04,0.22,0.20,0.05,0.03,0.05,0.77,0.99,0.03,0.96,0.89,0.71,0.92,0.00,2.38
155,0.23,0.49,0.07,0.22,0.22,0.12,0.05,0.03,0.22,0.18,0.05,0.04,0.06,0.77,0.99,0.96,0.96,0.89,0.71,0.92,0.00,2.75
156,0.24,0.09,0.06,0.24,0.24,0.12,0.03,0.03,0.24,0.20,0.05,0.05,0.07,0.77,0.99,0.96,0.96,0.89,0.71,0.92,0.00,2.43
157,0.27,0.49,0.05,0.27,0.28,0.13,0.04,0.04,0.28,0.20,0.05,0.06,0.06,0.77,0.99,0.03,0.96,0.89,0.71,0.92,0.00,2.99
158,0.27,0.11,0.06,0.24,0.28,0.12,0.04,0.04,0.28,0.20,0.05,0.06,0.06,0.02,0.99,0.96,0.96,0.89,0.71,0.92,0.00,1.83
159,0.23,0.49,0.06,0.27,0.22,0.10,0.03,0.03,0.22,0.18,0.05,0.04,0.03,0.02,0.99,0.96,0.96,0.89,0.28,0.92,0.00,1.97
160,0.23,0.49,0.08,0.26,0.28,0.12,0.05,0.03,0.28,0.20,0.05,0.06,0.06,0.77,0.99,0.96,0.96,0.89,0.71,0.92,0.00,2.96
161,0.27,0.49,0.03,0.24,0.24,0.12,0.02,0.03,0.24,0.20,0.05,0.04,0.06,0.77,0.99,0.96,0.96,0.89,0.71,0.92,0.00,2.80
162,0.23,0.49,0.05,0.22,0.22,0.13,0.02,0.04,0.22,0.20,0.05,0.05,0.03,0.77,0.99,0.96,0.96,0.89,0.71,0.92,0.00,2.72
163,0.24,0.08,0.08,0.22,0.28,0.12,0.03,0.05,0.28,0.18,0.04,0.05,0.05,0.02,0.99,0.96,0.96,0.89,0.28,0.92,0.00,1.72
164,0.27,0.49,0.07,0.24,0.28,0.12,0.03,0.04,0.28,0.22,0.07,0.04,0.05,0.03,0.99,0.96,0.96,0.89,0.71,0.92,0.00,2.23
165,0.24,0.06,0.06,0.22,0.28,0.12,0.02,0.03,0.28,0.19,0.05,0.03,0.03,0.77,0.99,0.96,0.96,0.89,0.28,0.92,0.00,2.38
166,0.27,0.07,0.06,0.26,0.24,0.12,0.05,0.03,0.24,0.18,0.05,0.05,0.02,0.77,0.99,0.96,0.96,0.89,0.28,0.08,0.00,2.41
167,0.23,0.49,0.06,0.27,0.22,0.12,0.03,0.06,0.22,0.18,0.05,0.06,0.03,0.03,0.99,0.96,0.96,0.89,0.71,0.92,0.00,2.05
168,0.24,0.49,0.06,0.24,0.24,0.10,0.04,0.06,0.24,0.18,0.05,0.06,0.03,0.02,0.99,0.96,0.96,0.10,0.71,0.92,0.00,2.05
169,0.23,0.49,0.06,0.26,0.28,0.13,0.05,0.02,0.28,0.18,0.08,0.06,0.03,0.01,0.99,0.96,0.96,0.89,0.71,0.92,0.00,2.16
170,0.23,0.07,0.06,0.22,0.22,0.10,0.06,0.03,0.22,0.20,0.05,0.04,0.06,0.77,0.99,0.96,0.96,0.89,0.71,0.92,0.00,2.33
171,0.23,0.09,0.06,0.24,0.24,0.10,0.05,0.03,0.24,0.18,0.05,0.04,0.03,0.77,0.99,0.96,0.96,0.89,0.28,0.08,0.00,2.35
172,0.23,0.49,0.06,0.22,0.24,0.10,0.05,0.04,0.24,0.19,0.08,0.06,0.05,0.02,0.99,0.96,0.96,0.89,0.71,0.92,0.00,2.07
173,0.27,0.49,0.05,0.27,0.24,0.13,0.04,0.03,0.24,0.22,0.05,0.06,0.02,0.77,0.99,0.96,0.96,0.89,0.71,0.92,0.00,2.88
174,0.23,0.49,0.06,0.22,0.22,0.12,0.05,0.05,0.22,0.19,0.07,0.04,0.06,0.77,0.99,0.96,0.96,0.10,0.71,0.92,0.00,2.79
175,0.27,0.49,0.03,0.26,0.24,0.12,0.06,0.03,0.24,0.22,0.06,0.03,0.01,0.77,0.99,0.96,0.96,0.89,0.28,0.92,0.00,2.83
176,0.23,0.09,0.06,0.24,0.24,0.10,0.04,0.04,0.24,0.20,0.05,0.05,0.07,0.77,0.99,0.96,0.96,0.89,0.71,0.92,0.00,2.42
177,0.24,0.49,0.04,0.26,0.22,0.12,0.04,0.02,0.22,0.18,0.05,0.03,0.02,0.02,0.99,0.96,0.96,0.89,0.71,0.92,0.00,1.95
178,0.23,0.49,0.02,0.26,0.24,0.12,0.03,0.04,0.24,0.19,0.05,0.06,0.07,0.77,0.99,0.96,0.96,0.89,0.71,0.92,0.00,2.81
179,0.24,0.08,0.08,0.24,0.28,0.10,0.02,0.05,0.28,0.22,0.05,0.05,0.02,0.77,0.99,0.96,0.96,0.89,0.71,0.92,0.00,2.48
180,0.23,0.49,0.07,0.24,0.24,0.12,0.03,0.04,0.24,0.20,0.05,0.00,0.02,0.77,0.99,0.03,0.96,0.89,0.28,0.08,0.00,2.74
181,0.23,0.49,0.07,0.24,0.22,0.10,0.04,0.03,0.22,0.20,0.05,0.04,0.06,0.01,0.99,0.96,0.03,0.89,0.28,0.92,0.00,2.00
182,0.23,0.49,0.03,0.24,0.24,0.13,0.05,0.03,0.24,0.22,0.05,0.03,0.03,0.77,0.99,0.96,0.96,0.89,0.71,0.92,0.00,2.78
183,0.27,0.49,0.05,0.24,0.28,0.12,0.02,0.03,0.28,0.22,0.05,0.05,0.03,0.77,0.99,0.96,0.96,0.89,0.71,0.92,0.00,2.90
184,0.23,0.07,0.06,0.24,0.22,0.12,0.05,0.04,0.22,0.18,0.04,0.06,0.03,0.77,0.99,0.96,0.96,0.89,0.28,0.92,0.00,2.33
185,0.24,0.11,0.06,0.26,0.22,0.10,0.05,0.04,0.22,0.18,0.07,0.04,0.06,0.77,0.99,0.96,0.96,0.89,0.71,0.92,0.00,2.42
186,0.24,0.49,0.06,0.22,0.24,0.10,0.05,0.03,0.24,0.20,0.05,0.04,0.07,0.77,0.99,0.96,0.96,0.89,0.28,0.92,0.00,2.80
187,0.23,0.49,0.08,0.24,0.24,0.13,0.04,0.04,0.24,0.18,0.05,0.04,0.05,0.77,0.99,0.96,0.03,0.89,0.28,0.08,0.00,2.82
188,0.24,0.49,0.04,0.22,0.22,0.13,0.03,0.03,0.22,0.20,0.05,0.04,0.04,0.03,0.99,0.96,0.96,0.89,0.28,0.08,0.00,1.98
189,0.23,0.49,0.08,0.24,0.22,0.10,0.04,0.04,0.22,0.19,0.05,0.06,0.05,0.01,0.99,0.96,0.96,0.89,0.28,0.92,0.00,2.02
190,0.27,0.49,0.06,0.24,0.24,0.12,0.03,0.02,0.24,0.22,0.05,0.04,0.07,0.03,0.99,0.96,0.96,0.89,0.71,0.92,0.00,2.12
191,0.24,0.09,0.07,0.27,0.24,0.10,0.05,0.03,0.24,0.19,0.05,0.04,0.03,0.77,0.99,0.96,0.96,0.10,0.71,0.92,0.00,2.41
192,0.27,0.07,0.06,0.26,0.22,0.10,0.03,0.03,0.22,0.19,0.05,0.04,0.06,0.77,0.99,0.96,0.96,0.89,0.28,0.92,0.00,2.37
193,0.23,0.49,0.06,0.26,0.22,0.12,0.06,0.03,0.22,0.18,0.05,0.04,0.02,0.77,0.99,0.96,0.96,0.89,0.71,0.92,0.00,2.75
194,0.27,0.49,0.03,0.26,0.28,0.10,0.04,0.04,0.28,0.22,0.07,0.04,0.05,0.77,0.99,0.96,0.96,0.89,0.28,0.92,0.00,2.94
195,0.27,0.11,0.06,0.22,0.22,0.10,0.05,0.04,0.22,0.19,0.07,0.04,0.02,0.77,0.99,0.03,0.96,0.89,0.71,0.92,0.00,2.38
196,0.23,0.06,0.04,0.24,0.24,0.10,0.06,0.04,0.24,0.20,0.05,0.05,0.03,0.01,0.99,0.96,0.96,0.89,0.71,0.92,0.00,1.59
197,0.24,0.07,0.06,0.26,0.24,0.13,0.04,0.04,0.24,0.20,0.07,0.03,0.02,0.77,0.99,0.96,0.96,0.89,0.71,0.92,0.00,2.41
198,0.24,0.49,0.04,0.26,0.24,0.12,0.05,0.04,0.24,0.22,0.05,0.04,0.01,0.77,0.99,0.03,0.96,0.89,0.71,0.92,0.00,2.81
199,0.23,0.06,0.06,0.27,0.28,0.12,0.05,0.06,0.28,0.20,0.08,0.04,0.06,0.77,0.99,0.96,0.96,0.89,0.28,0.08,0.00,2.56
200,0.23,0.06,0.06,0.22,0.24,0.10,0.03,0.04,0.24,0.19,0.06,0.05,0.03,0.77,0.99,0.96,0.96,0.89,0.71,0.92,0.00,2.32
201,0.27,0.11,0.06,0.24,0.28,0.12,0.04,0.03,0.28,0.18,0.08,0.05,0.03,0.77,0.99,0.96,0.96,0.89,0.71,0.92,0.00,2.54
202,0.27,0.11,0.06,0.26,0.22,0.13,0.05,0.03,0.22,0.20,0.06,0.06,0.02,0.02,0.99,0.96,0.96,0.10,0.28,0.92,0.00,1.71
203,0.27,0.08,0.06,0.27,0.28,0.08,0.03,0.03,0.28,0.20,0.05,0.06,0.07,0.77,0.99,0.96,0.96,0.89,0.71,0.92,0.00,2.53
204,0.23,0.06,0.06,0.22,0.24,0.12,0.06,0.06,0.24,0.19,0.05,0.04,0.03,0.02,0.99,0.96,0.96,0.10,0.71,0.92,0.00,1.62
205,0.23,0.06,0.05,0.26,0.28,0.12,0.06,0.03,0.28,0.19,0.05,0.03,0.03,0.77,0.99,0.96,0.96,0.89,0.71,0.92,0.00,2.44
206,0.23,0.09,0.06,0.27,0.28,0.12,0.03,0.03,0.28,0.20,0.05,0.06,0.05,0.77,0.99,0.96,0.96,0.10,0.71,0.92,0.00,2.52
207,0.23,0.49,0.06,0.26,0.24,0.13,0.03,0.03,0.24,0.22,0.06,0.04,0.04,0.77,0.99,0.96,0.96,0.89,0.71,0.92,0.00,2.84
208,0.23,0.49,0.02,0.27,0.24,0.13,0.05,0.04,0.24,0.22,0.07,0.04,0.01,0.77,0.99,0.03,0.96,0.10,0.28,0.92,0.00,2.82
209,0.23,0.49,0.02,0.27,0.24,0.12,0.04,0.03,0.24,0.20,0.05,0.05,0.02,0.77,0.99,0.96,0.03,0.89,0.71,0.92,0.00,2.77
210,0.23,0.49,0.07,0.26,0.24,0.10,0.03,0.05,0.24,0.20,0.06,0.06,0.03,0.77,0.99,0.96,0.96,0.89,0.71,0.92,0.00,2.83
211,0.23,0.49,0.06,0.27,0.24,0.08,0.05,0.03,0.24,0.22,0.05,0.05,0.02,0.77,0.99,0.96,0.96,0.89,0.28,0.92,0.00,2.80
212,0.24,0.49,0.06,0.26,0.24,0.13,0.03,0.04,0.24,0.20,0.05,0.04,0.06,0.77,0.99,0.96,0.96,0.89,0.71,0.92,0.00,2.85
213,0.23,0.49,0.04,0.22,0.28,0.12,0.04,0.05,0.28,0.20,0.04,0.05,0.03,0.77,0.99,0.96,0.96,0.89,0.71,0.92,0.00,2.84
214,0.23,0.49,0.02,0.26,0.28,0.13,0.04,0.03,0.28,0.20,0.08,0.05,0.07,0.77,0.99,0.96,0.96,0.89,0.71,0.92,0.00,2.93
215,0.24,0.11,0.05,0.24,0.24,0.10,0.05,0.02,0.24,0.19,0.05,0.05,0.05,0.03,0.99,0.96,0.96,0.89,0.71,0.92,0.00,1.66
216,0.23,0.49,0.06,0.27,0.24,0.12,0.03,0.04,0.24,0.19,0.07,0.06,0.03,0.77,0.99,0.96,0.96,0.89,0.71,0.92,0.00,2.84
217,0.23,0.07,0.06,0.26,0.24,0.10,0.03,0.03,0.24,0.22,0.06,0.03,0.06,0.77,0.99,0.96,0.96,0.89,0.71,0.92,0.00,2.40
218,0.24,0.09,0.08,0.26,0.28,0.10,0.02,0.03,0.28,0.18,0.05,0.04,0.03,0.77,0.99,0.96,0.96,0.89,0.71,0.92,0.00,2.45
219,0.27,0.11,0.06,0.24,0.28,0.13,0.05,0.03,0.28,0.22,0.07,0.06,0.02,0.77,0.99,0.96,0.96,0.89,0.71,0.92,0.00,2.59
220,0.23,0.49,0.07,0.24,0.24,0.10,0.04,0.02,0.24,0.20,0.08,0.04,0.03,0.02,0.99,0.96,0.03,0.89,0.71,0.92,0.00,2.04
221,0.23,0.49,0.06,0.26,0.24,0.10,0.03,0.03,0.24,0.20,0.04,0.06,0.06,0.77,0.99,0.96,0.96,0.89,0.71,0.92,0.00,2.81
222,0.27,0.49,0.07,0.22,0.28,0.12,0.05,0.05,0.28,0.20,0.05,0.05,0.03,0.77,0.99,0.96,0.96,0.89,0.71,0.92,0.00,2.93
223,0.23,0.11,0.05,0.22,0.24,0.13,0.04,0.04,0.24,0.20,0.05,0.05,0.03,0.77,0.99,0.96,0.96,0.89,0.71,0.92,0.00,2.40
224,0.27,0.08,0.05,0.27,0.24,0.12,0.03,0.04,0.24,0.19,0.04,0.04,0.03,0.02,0.99,0.96,0.96,0.10,0.71,0.92,0.00,1.66
225,0.23,0.06,0.06,0.27,0.24,0.12,0.05,0.04,0.24,0.19,0.05,0.03,0.02,0.77,0.99,0.96,0.96,0.89,0.71,0.92,0.00,2.37
226,0.23,0.11,0.08,0.24,0.28,0.10,0.06,0.03,0.28,0.20,0.05,0.04,0.02,0.77,0.99,0.96,0.96,0.89,0.71,0.92,0.00,2.49
227,0.27,0.09,0.06,0.22,0.24,0.10,0.06,0.02,0.24,0.18,0.05,0.04,0.02,0.77,0.99,0.96,0.96,0.89,0.71,0.92,0.00,2.36
228,0.24,0.07,0.05,0.24,0.28,0.13,0.05,0.03,0.28,0.19,0.05,0.04,0.03,0.77,0.99,0.96,0.96,0.89,0.71,0.92,0.00,2.45
229,0.24,0.07,0.04,0.27,0.28,0.12,0.04,0.03,0.28,0.20,0.08,0.06,0.03,0.77,0.99,0.96,0.96,0.89,0.71,0.92,0.00,2.51
230,0.24,0.49,0.06,0.26,0.24,0.10,0.06,0.03,0.24,0.20,0.04,0.04,0.07,0.77,0.99,0.96,0.96,0.89,0.71,0.92,0.00,2.84
231,0.24,0.08,0.06,0.24,0.24,0.12,0.06,0.03,0.24,0.19,0.05,0.05,0.04,0.77,0.99,0.96,0.96,0.89,0.71,0.92,0.00,2.41
232,0.23,0.49,0.08,0.27,0.24,0.12,0.03,0.03,0.24,0.22,0.05,0.04,0.03,0.77,0.99,0.96,0.96,0.10,0.71,0.92,0.00,2.84
233,0.23,0.09,0.06,0.27,0.24,0.12,0.06,0.02,0.24,0.20,0.05,0.06,0.06,0.77,0.99,0.96,0.96,0.89,0.71,0.92,0.00,2.47
234,0.24,0.49,0.06,0.27,0.24,0.10,0.06,0.02,0.24,0.20,0.04,0.05,0.07,0.77,0.99,0.96,0.96,0.89,0.71,0.92,0.00,2.85
235,0.24,0.49,0.06,0.26,0.24,0.10,0.05,0.05,0.24,0.20,0.05,0.05,0.06,0.77,0.99,0.96,0.96,0.89,0.71,0.92,0.00,2.86
236,0.23,0.06,0.06,0.26,0.22,0.13,0.05,0.03,0.22,0.20,0.05,0.05,0.02,0.77,0.99,0.96,0.96,0.89,0.71,0.92,0.00,2.35
237,0.23,0.07,0.06,0.26,0.22,0.10,0.06,0.04,0.22,0.20,0.05,0.06,0.01,0.77,0.99,0.96,0.96,0.89,0.71,0.92,0.00,2.35
238,0.27,0.49,0.07,0.22,0.24,0.13,0.05,0.03,0.24,0.22,0.05,0.04,0.01,0.77,0.99,0.96,0.96,0.89,0.71,0.92,0.00,2.83
239,0.24,0.11,0.05,0.26,0.22,0.08,0.06,0.04,0.22,0.22,0.05,0.06,0.07,0.02,0.99,0.96,0.96,0.89,0.71,0.92,0.00,1.70
240,0.23,0.09,0.05,0.24,0.28,0.10,0.05,0.05,0.28,0.19,0.05,0.03,0.07,0.77,0.99,0.96,0.96,0.89,0.28,0.92,0.00,2.48
241,0.27,0.49,0.07,0.26,0.24,0.10,0.04,0.04,0.24,0.22,0.05,0.06,0.03,0.77,0.99,0.96,0.03,0.89,0.28,0.92,0.00,2.88
242,0.23,0.49,0.00,0.26,0.28,0.12,0.06,0.04,0.28,0.20,0.08,0.04,0.02,0.77,0.99,0.96,0.96,0.89,0.71,0.92,0.00,2.87
243,0.23,0.06,0.05,0.26,0.24,0.12,0.05,0.05,0.24,0.20,0.07,0.06,0.03,0.77,0.99,0.96,0.96,0.89,0.71,0.92,0.00,2.43
244,0.27,0.49,0.05,0.22,0.24,0.10,0.03,0.03,0.24,0.18,0.08,0.06,0.03,0.77,0.99,0.96,0.96,0.10,0.71,0.92,0.00,2.79
245,0.23,0.06,0.07,0.24,0.24,0.12,0.06,0.06,0.24,0.20,0.08,0.06,0.03,0.77,0.99,0.96,0.96,0.89,0.28,0.92,0.00,2.46
246,0.27,0.11,0.06,0.24,0.24,0.12,0.06,0.03,0.24,0.22,0.05,0.06,0.01,0.77,0.99,0.96,0.96,0.89,0.71,0.92,0.00,2.48
247,0.24,0.07,0.06,0.24,0.28,0.12,0.05,0.04,0.28,0.20,0.05,0.05,0.06,0.77,0.99,0.03,0.96,0.89,0.71,0.92,0.00,2.51
248,0.27,0.07,0.07,0.22,0.24,0.13,0.05,0.03,0.24,0.18,0.05,0.06,0.01,0.77,0.99,0.96,0.96,0.89,0.71,0.92,0.00,2.39
249,0.23,0.11,0.06,0.27,0.28,0.08,0.04,0.04,0.28,0.18,0.05,0.06,0.06,0.77,0.99,0.96,0.96,0.89,0.28,0.08,0.00,2.51
250,0.24,0.06,0.06,0.27,0.22,0.10,0.04,0.05,0.22,0.18,0.05,0.04,0.05,0.03,0.99,0.96,0.96,0.89,0.71,0.92,0.00,1.61
251,0.23,0.49,0.03,0.27,0.28,0.12,0.05,0.03,0.28,0.20,0.04,0.06,0.03,0.77,0.99,0.96,0.96,0.89,0.71,0.92,0.00,2.88
252,0.23,0.49,0.06,0.22,0.24,0.12,0.03,0.06,0.24,0.18,0.05,0.05,0.05,0.03,0.99,0.96,0.96,0.89,0.71,0.92,0.00,2.05
253,0.23,0.11,0.07,0.27,0.28,0.10,0.06,0.04,0.28,0.20,0.05,0.05,0.07,0.03,0.99,0.96,0.96,0.89,0.28,0.08,0.00,1.84
254,0.23,0.07,0.06,0.27,0.24,0.10,0.03,0.03,0.24,0.20,0.06,0.03,0.03,0.03,0.99,0.96,0.96,0.89,0.71,0.92,0.00,1.62
255,0.23,0.49,0.02,0.26,0.22,0.08,0.03,0.03,0.22,0.22,0.05,0.04,0.03,0.77,0.99,0.96,0.96,0.89,0.71,0.92,0.00,2.69
256,0.23,0.49,0.08,0.24,0.22,0.08,0.03,0.03,0.22,0.22,0.04,0.06,0.03,0.77,0.99,0.96,0.96,0.10,0.28,0.92,0.00,2.74
257,0.23,0.11,0.08,0.26,0.28,0.13,0.04,0.06,0.28,0.22,0.05,0.06,0.03,0.77,0.99,0.96,0.96,0.89,0.71,0.92,0.00,2.60
258,0.24,0.06,0.06,0.24,0.24,0.13,0.02,0.06,0.24,0.18,0.05,0.04,0.01,0.77,0.99,0.96,0.96,0.10,0.71,0.92,0.00,2.34
259,0.24,0.09,0.06,0.22,0.24,0.10,0.05,0.02,0.24,0.19,0.05,0.05,0.03,0.77,0.99,0.96,0.96,0.89,0.28,0.92,0.00,2.35
260,0.23,0.49,0.06,0.26,0.28,0.12,0.05,0.05,0.28,0.19,0.07,0.04,0.03,0.02,0.99,0.96,0.96,0.10,0.71,0.92,0.00,2.17
261,0.24,0.49,0.08,0.27,0.24,0.12,0.02,0.04,0.24,0.20,0.05,0.05,0.06,0.77,0.99,0.96,0.96,0.89,0.71,0.92,0.00,2.87
262,0.23,0.49,0.06,0.22,0.24,0.13,0.04,0.03,0.24,0.22,0.07,0.04,0.06,0.02,0.99,0.96,0.96,0.89,0.71,0.92,0.00,2.09
263,0.24,0.49,0.03,0.24,0.22,0.10,0.05,0.04,0.22,0.20,0.05,0.04,0.02,0.77,0.99,0.96,0.96,0.89,0.71,0.92,0.00,2.71
264,0.23,0.11,0.06,0.24,0.24,0.10,0.06,0.02,0.24,0.19,0.04,0.05,0.02,0.77,0.99,0.96,0.96,0.89,0.71,0.92,0.00,2.37
265,0.24,0.08,0.08,0.22,0.22,0.12,0.03,0.03,0.22,0.20,0.05,0.03,0.06,0.77,0.99,0.96,0.96,0.89,0.28,0.08,0.00,2.35
266,0.27,0.11,0.04,0.26,0.24,0.08,0.06,0.04,0.24,0.19,0.05,0.06,0.02,0.77,0.99,0.96,0.96,0.89,0.28,0.92,0.00,2.43
267,0.23,0.07,0.06,0.22,0.24,0.12,0.06,0.04,0.24,0.20,0.06,0.03,0.03,0.03,0.99,0.96,0.96,0.89,0.71,0.92,0.00,1.63
268,0.24,0.09,0.06,0.27,0.22,0.12,0.06,0.03,0.22,0.22,0.06,0.06,0.07,0.77,0.99,0.96,0.96,0.89,0.71,0.92,0.00,2.49
269,0.23,0.11,0.06,0.26,0.24,0.12,0.06,0.03,0.24,0.19,0.05,0.06,0.03,0.77,0.99,0.96,0.96,0.89,0.71,0.92,0.00,2.45
270,0.23,0.49,0.02,0.27,0.28,0.12,0.03,0.04,0.28,0.20,0.05,0.05,0.01,0.77,0.99,0.96,0.96,0.89,0.71,0.92,0.00,2.84
271,0.24,0.49,0.07,0.26,0.24,0.13,0.06,0.03,0.24,0.22,0.05,0.04,0.06,0.77,0.99,0.96,0.96,0.89,0.71,0.92,0.00,2.90
272,0.23,0.11,0.08,0.27,0.24,0.12,0.04,0.05,0.24,0.18,0.05,0.06,0.03,0.02,0.99,0.96,0.03,0.89,0.71,0.92,0.00,1.72
273,0.27,0.49,0.06,0.22,0.24,0.10,0.04,0.04,0.24,0.18,0.05,0.04,0.07,0.03,0.99,0.96,0.03,0.89,0.71,0.92,0.00,2.07
274,0.23,0.49,0.04,0.27,0.28,0.12,0.03,0.04,0.28,0.22,0.04,0.04,0.05,0.77,0.99,0.96,0.96,0.89,0.71,0.92,0.00,2.90
275,0.24,0.08,0.06,0.27,0.24,0.10,0.06,0.03,0.24,0.20,0.05,0.04,0.07,0.77,0.99,0.96,0.96,0.89,0.71,0.92,0.00,2.45
276,0.27,0.09,0.06,0.26,0.24,0.10,0.05,0.03,0.24,0.20,0.05,0.06,0.03,0.77,0.99,0.96,0.96,0.10,0.28,0.08,0.00,2.45
277,0.27,0.49,0.07,0.27,0.22,0.12,0.04,0.04,0.22,0.20,0.08,0.04,0.02,0.01,0.99,0.96,0.96,0.89,0.71,0.92,0.00,2.09
278,0.27,0.09,0.06,0.24,0.24,0.13,0.03,0.03,0.24,0.22,0.05,0.06,0.01,0.77,0.99,0.96,0.96,0.89,0.71,0.92,0.00,2.44
279,0.23,0.49,0.05,0.26,0.28,0.10,0.04,0.03,0.28,0.22,0.05,0.03,0.06,0.77,0.99,0.96,0.96,0.89,0.71,0.92,0.00,2.89
280,0.23,0.08,0.08,0.26,0.28,0.10,0.04,0.02,0.28,0.22,0.06,0.04,0.05,0.02,0.99,0.96,0.96,0.89,0.71,0.92,0.00,1.76
281,0.23,0.49,0.06,0.22,0.28,0.13,0.02,0.04,0.28,0.18,0.07,0.04,0.03,0.77,0.99,0.96,0.96,0.10,0.71,0.92,0.00,2.84
282,0.27,0.49,0.03,0.27,0.28,0.10,0.03,0.05,0.28,0.20,0.05,0.06,0.03,0.77,0.99,0.96,0.96,0.89,0.71,0.92,0.00,2.91
283,0.24,0.07,0.08,0.26,0.28,0.10,0.05,0.06,0.28,0.18,0.05,0.04,0.03,0.77,0.99,0.96,0.96,0.89,0.71,0.92,0.00,2.49
284,0.23,0.06,0.07,0.24,0.24,0.10,0.05,0.03,0.24,0.19,0.05,0.04,0.05,0.77,0.99,0.96,0.96,0.89,0.28,0.08,0.00,2.36
285,0.23,0.49,0.07,0.24,0.22,0.10,0.05,0.04,0.22,0.19,0.05,0.03,0.07,0.02,0.99,0.96,0.96,0.89,0.71,0.92,0.00,2.02
286,0.24,0.06,0.06,0.26,0.22,0.13,0.05,0.03,0.22,0.19,0.05,0.04,0.02,0.77,0.99,0.96,0.96,0.89,0.71,0.92,0.00,2.34
287,0.27,0.11,0.08,0.27,0.22,0.10,0.03,0.03,0.22,0.20,0.04,0.04,0.05,0.77,0.99,0.96,0.96,0.89,0.71,0.92,0.00,2.43
288,0.24,0.08,0.06,0.27,0.24,0.12,0.03,0.02,0.24,0.20,0.05,0.06,0.04,0.77,0.99,0.96,0.96,0.89,0.71,0.92,0.00,2.42
289,0.23,0.09,0.05,0.22,0.22,0.12,0.03,0.05,0.22,0.19,0.05,0.05,0.01,0.77,0.99,0.96,0.96,0.89,0.71,0.92,0.00,2.30
290,0.23,0.49,0.08,0.24,0.28,0.12,0.06,0.03,0.28,0.22,0.05,0.04,0.07,0.77,0.99,0.96,0.96,0.89,0.28,0.92,0.00,2.96
291,0.23,0.49,0.08,0.24,0.24,0.13,0.05,0.04,0.24,0.18,0.05,0.05,0.02,0.77,0.99,0.96,0.96,0.89,0.71,0.92,0.00,2.81
292,0.23,0.49,0.00,0.27,0.22,0.10,0.05,0.05,0.22,0.20,0.05,0.06,0.06,0.77,0.99,0.96,0.96,0.89,0.71,0.92,0.00,2.77
293,0.24,0.49,0.05,0.24,0.24,0.12,0.03,0.05,0.24,0.18,0.05,0.04,0.02,0.03,0.99,0.96,0.96,0.10,0.71,0.92,0.00,2.02
294,0.24,0.09,0.05,0.27,0.24,0.10,0.05,0.06,0.24,0.18,0.05,0.05,0.06,0.01,0.99,0.96,0.96,0.89,0.71,0.92,0.00,1.69
295,0.23,0.49,0.07,0.24,0.24,0.12,0.06,0.02,0.24,0.20,0.05,0.05,0.01,0.77,0.99,0.96,0.96,0.89,0.28,0.08,0.00,2.79
296,0.27,0.07,0.05,0.27,0.24,0.08,0.03,0.03,0.24,0.19,0.05,0.06,0.07,0.77,0.99,0.96,0.96,0.89,0.71,0.92,0.00,2.42
297,0.27,0.07,0.08,0.27,0.24,0.10,0.02,0.03,0.24,0.22,0.04,0.05,0.03,0.77,0.99,0.96,0.96,0.89,0.71,0.92,0.00,2.43
298,0.27,0.49,0.07,0.24,0.24,0.10,0.05,0.06,0.24,0.20,0.05,0.04,0.03,0.77,0.99,0.96,0.96,0.89,0.71,0.92,0.00,2.85
299,0.27,0.49,0.06,0.24,0.22,0.12,0.04,0.03,0.22,0.18,0.04,0.03,0.02,0.77,0.99,0.96,0.96,0.89,0.71,0.92,0.00,2.73
300,0.23,0.49,0.06,0.24,0.22,0.10,0.05,0.03,0.22,0.18,0.05,0.06,0.02,0.77,0.99,0.96,0.96,0.89,0.71,0.92,0.00,2.72
301,0.24,0.11,0.06,0.27,0.24,0.08,0.05,0.03,0.24,0.22,0.05,0.06,0.03,0.77,0.99,0.96,0.96,0.10,0.71,0.92,0.00,2.45
302,0.23,0.07,0.06,0.27,0.28,0.12,0.05,0.06,0.28,0.19,0.05,0.05,0.03,0.77,0.99,0.96,0.96,0.89,0.71,0.92,0.00,2.51
303,0.27,0.07,0.06,0.26,0.24,0.12,0.04,0.04,0.24,0.20,0.05,0.04,0.02,0.77,0.99,0.96,0.96,0.89,0.28,0.92,0.00,2.42
304,0.23,0.09,0.06,0.22,0.24,0.12,0.06,0.03,0.24,0.20,0.05,0.06,0.06,0.77,0.99,0.96,0.96,0.89,0.71,0.92,0.00,2.43
305,0.23,0.49,0.03,0.26,0.24,0.13,0.06,0.03,0.24,0.22,0.05,0.04,0.05,0.77,0.99,0.96,0.96,0.89,0.71,0.92,0.00,2.84
306,0.23,0.49,0.05,0.27,0.28,0.10,0.03,0.03,0.28,0.19,0.05,0.05,0.02,0.77,0.99,0.96,0.96,0.89,0.28,0.08,0.00,2.84
307,0.24,0.49,0.07,0.22,0.28,0.12,0.04,0.05,0.28,0.18,0.08,0.04,0.05,0.77,0.99,0.96,0.03,0.89,0.28,0.92,0.00,2.91
308,0.27,0.49,0.06,0.26,0.24,0.10,0.05,0.03,0.24,0.19,0.05,0.05,0.07,0.77,0.99,0.96,0.96,0.89,0.28,0.08,0.00,2.87
309,0.24,0.49,0.06,0.26,0.24,0.10,0.05,0.03,0.24,0.22,0.05,0.06,0.07,0.77,0.99,0.96,0.96,0.89,0.71,0.92,0.00,2.88
310,0.23,0.49,0.02,0.26,0.24,0.10,0.03,0.02,0.24,0.22,0.07,0.05,0.03,0.01,0.99,0.96,0.96,0.89,0.71,0.92,0.00,2.01
311,0.23,0.49,0.06,0.26,0.24,0.10,0.04,0.04,0.24,0.22,0.05,0.06,0.03,0.03,0.99,0.96,0.96,0.89,0.71,0.92,0.00,2.09
312,0.27,0.49,0.06,0.22,0.24,0.12,0.03,0.03,0.24,0.22,0.05,0.06,0.03,0.77,0.99,0.96,0.96,0.89,0.71,0.92,0.00,2.83
313,0.27,0.49,0.02,0.22,0.22,0.12,0.04,0.04,0.22,0.18,0.08,0.06,0.02,0.77,0.99,0.96,0.96,0.89,0.71,0.92,0.00,2.75
314,0.23,0.11,0.08,0.27,0.24,0.12,0.05,0.03,0.24,0.20,0.05,0.04,0.03,0.77,0.99,0.96,0.96,0.89,0.28,0.92,0.00,2.46
315,0.23,0.07,0.06,0.27,0.24,0.13,0.06,0.04,0.24,0.18,0.06,0.05,0.07,0.77,0.99,0.96,0.96,0.89,0.71,0.92,0.00,2.47
316,0.27,0.07,0.06,0.27,0.24,0.10,0.04,0.05,0.24,0.19,0.06,0.05,0.02,0.77,0.99,0.96,0.96,0.89,0.71,0.92,0.00,2.43
317,0.27,0.49,0.06,0.24,0.22,0.10,0.03,0.06,0.22,0.20,0.05,0.05,0.02,0.03,0.99,0.96,0.96,0.89,0.71,0.92,0.00,2.04
318,0.27,0.49,0.06,0.24,0.28,0.10,0.03,0.03,0.28,0.20,0.05,0.04,0.01,0.77,0.99,0.96,0.96,0.10,0.71,0.92,0.00,2.85
319,0.23,0.49,0.02,0.26,0.24,0.08,0.04,0.04,0.24,0.20,0.07,0.06,0.05,0.77,0.99,0.96,0.96,0.89,0.71,0.92,0.00,2.79
320,0.23,0.07,0.06,0.22,0.24,0.10,0.02,0.05,0.24,0.20,0.05,0.05,0.07,0.03,0.99,0.96,0.96,0.89,0.71,0.92,0.00,1.63
321,0.23,0.09,0.07,0.22,0.28,0.13,0.03,0.03,0.28,0.22,0.06,0.05,0.04,0.77,0.99,0.96,0.96,0.89,0.71,0.92,0.00,2.50
322,0.24,0.08,0.07,0.26,0.28,0.10,0.03,0.04,0.28,0.19,0.04,0.04,0.07,0.77,0.99,0.03,0.96,0.89,0.71,0.92,0.00,2.49
323,0.23,0.06,0.06,0.27,0.24,0.12,0.04,0.04,0.24,0.22,0.04,0.04,0.06,0.77,0.99,0.96,0.96,0.89,0.71,0.92,0.00,2.43
324,0.27,0.08,0.06,0.26,0.24,0.08,0.03,0.02,0.24,0.22,0.04,0.05,0.03,0.02,0.99,0.96,0.96,0.89,0.28,0.92,0.00,1.64
325,0.23,0.49,0.03,0.27,0.24,0.10,0.05,0.04,0.24,0.20,0.04,0.05,0.03,0.77,0.99,0.96,0.96,0.89,0.71,0.92,0.00,2.78
326,0.24,0.09,0.07,0.26,0.22,0.12,0.06,0.04,0.22,0.20,0.05,0.05,0.03,0.77,0.99,0.96,0.96,0.89,0.71,0.92,0.00,2.42
327,0.24,0.09,0.07,0.26,0.24,0.10,0.03,0.02,0.24,0.20,0.05,0.04,0.03,0.77,0.99,0.96,0.96,0.89,0.71,0.92,0.00,2.38
328,0.23,0.49,0.06,0.27,0.28,0.10,0.04,0.03,0.28,0.19,0.05,0.04,0.06,0.77,0.99,0.96,0.96,0.89,0.71,0.92,0.00,2.89
329,0.23,0.49,0.06,0.24,0.28,0.12,0.02,0.03,0.28,0.20,0.05,0.04,0.02,0.77,0.99,0.96,0.96,0.89,0.28,0.92,0.00,2.83
330,0.23,0.49,0.02,0.22,0.24,0.10,0.03,0.03,0.24,0.20,0.05,0.06,0.06,0.77,0.99,0.96,0.96,0.89,0.71,0.92,0.00,2.74
331,0.24,0.08,0.06,0.22,0.28,0.12,0.05,0.05,0.28,0.20,0.05,0.05,0.05,0.77,0.99,0.96,0.96,0.89,0.28,0.92,0.00,2.50
332,0.23,0.49,0.08,0.24,0.22,0.10,0.05,0.03,0.22,0.20,0.05,0.04,0.07,0.77,0.99,0.96,0.96,0.89,0.71,0.92,0.00,2.79
333,0.23,0.06,0.05,0.26,0.24,0.08,0.05,0.03,0.24,0.18,0.06,0.04,0.06,0.77,0.99,0.96,0.96,0.89,0.71,0.92,0.00,2.35
334,0.23,0.49,0.06,0.22,0.22,0.10,0.05,0.04,0.22,0.19,0.08,0.05,0.06,0.77,0.99,0.96,0.96,0.89,0.71,0.92,0.00,2.78
335,0.27,0.07,0.06,0.27,0.24,0.12,0.05,0.04,0.24,0.20,0.04,0.05,0.02,0.03,0.99,0.96,0.96,0.89,0.71,0.92,0.00,1.70
336,0.27,0.49,0.02,0.22,0.24,0.10,0.05,0.03,0.24,0.20,0.04,0.03,0.03,0.77,0.99,0.96,0.96,0.89,0.71,0.92,0.00,2.73
337,0.27,0.11,0.07,0.27,0.22,0.13,0.06,0.03,0.22,0.19,0.08,0.06,0.02,0.77,0.99,0.96,0.96,0.89,0.71,0.92,0.00,2.50
338,0.23,0.08,0.06,0.27,0.22,0.08,0.04,0.05,0.22,0.20,0.06,0.04,0.02,0.03,0.99,0.96,0.96,0.89,0.71,0.92,0.00,1.60
339,0.23,0.49,0.06,0.24,0.24,0.08,0.03,0.03,0.24,0.19,0.05,0.06,0.05,0.77,0.99,0.96,0.96,0.89,0.71,0.92,0.00,2.76
340,0.24,0.06,0.06,0.22,0.24,0.10,0.05,0.04,0.24,0.20,0.05,0.06,0.03,0.77,0.99,0.96,0.96,0.89,0.28,0.92,0.00,2.36
341,0.27,0.49,0.06,0.26,0.24,0.10,0.04,0.04,0.24,0.20,0.05,0.05,0.03,0.02,0.99,0.96,0.03,0.89,0.28,0.08,0.00,2.09
342,0.27,0.07,0.07,0.22,0.24,0.12,0.06,0.03,0.24,0.20,0.05,0.04,0.07,0.77,0.99,0.96,0.96,0.89,0.71,0.92,0.00,2.45
343,0.27,0.06,0.06,0.24,0.24,0.10,0.05,0.03,0.24,0.19,0.04,0.03,0.02,0.77,0.99,0.96,0.96,0.89,0.71,0.92,0.00,2.34
344,0.23,0.07,0.06,0.27,0.28,0.10,0.04,0.04,0.28,0.22,0.05,0.03,0.03,0.77,0.99,0.96,0.96,0.89,0.71,0.92,0.00,2.47
345,0.27,0.11,0.06,0.22,0.24,0.10,0.03,0.04,0.24,0.18,0.05,0.05,0.07,0.77,0.99,0.03,0.96,0.89,0.71,0.92,0.00,2.43
346,0.23,0.07,0.06,0.27,0.24,0.10,0.05,0.05,0.24,0.22,0.05,0.04,0.03,0.03,0.99,0.96,0.96,0.89,0.28,0.92,0.00,1.68
347,0.24,0.49,0.03,0.22,0.22,0.12,0.04,0.03,0.22,0.20,0.05,0.05,0.02,0.77,0.99,0.96,0.96,0.89,0.28,0.08,0.00,2.70
348,0.23,0.49,0.02,0.24,0.28,0.10,0.03,0.04,0.28,0.20,0.04,0.05,0.06,0.01,0.99,0.96,0.96,0.89,0.71,0.92,0.00,2.07
349,0.23,0.08,0.07,0.24,0.24,0.12,0.06,0.03,0.24,0.22,0.08,0.03,0.03,0.77,0.99,0.96,0.96,0.89,0.71,0.92,0.00,2.44
350,0.23,0.08,0.06,0.26,0.24,0.12,0.05,0.03,0.24,0.20,0.06,0.04,0.03,0.77,0.99,0.96,0.96,0.89,0.71,0.92,0.00,2.41
351,0.24,0.49,0.06,0.24,0.24,0.10,0.02,0.05,0.24,0.22,0.05,0.04,0.01,0.02,0.99,0.96,0.96,0.10,0.71,0.92,0.00,2.02
352,0.23,0.06,0.07,0.24,0.22,0.12,0.04,0.04,0.22,0.22,0.05,0.03,0.03,0.77,0.99,0.96,0.96,0.89,0.28,0.92,0.00,2.34
353,0.24,0.08,0.07,0.24,0.22,0.12,0.03,0.03,0.22,0.20,0.05,0.06,0.03,0.77,0.99,0.96,0.96,0.89,0.71,0.92,0.00,2.36
354,0.23,0.07,0.05,0.22,0.24,0.12,0.04,0.04,0.24,0.20,0.05,0.05,0.07,0.77,0.99,0.96,0.96,0.89,0.71,0.92,0.00,2.39
355,0.23,0.49,0.06,0.27,0.28,0.13,0.05,0.06,0.28,0.18,0.04,0.04,0.04,0.02,0.99,0.96,0.96,0.89,0.28,0.08,0.00,2.17
356,0.24,0.11,0.06,0.24,0.24,0.10,0.04,0.03,0.24,0.20,0.05,0.05,0.03,0.77,0.99,0.96,0.96,0.89,0.71,0.92,0.00,2.40
357,0.23,0.09,0.04,0.27,0.24,0.10,0.04,0.03,0.24,0.18,0.07,0.04,0.03,0.77,0.99,0.96,0.96,0.89,0.71,0.92,0.00,2.37
358,0.23,0.49,0.02,0.26,0.24,0.12,0.03,0.04,0.24,0.20,0.05,0.05,0.03,0.02,0.99,0.96,0.96,0.89,0.71,0.92,0.00,2.02
359,0.24,0.07,0.06,0.22,0.28,0.08,0.05,0.03,0.28,0.20,0.05,0.06,0.02,0.02,0.99,0.96,0.96,0.89,0.28,0.92,0.00,1.66
360,0.27,0.09,0.07,0.24,0.22,0.10,0.06,0.05,0.22,0.19,0.05,0.04,0.07,0.77,0.99,0.96,0.96,0.89,0.71,0.92,0.00,2.44
361,0.23,0.49,0.06,0.27,0.22,0.12,0.04,0.04,0.22,0.22,0.05,0.03,0.03,0.77,0.99,0.96,0.96,0.89,0.28,0.92,0.00,2.79
362,0.27,0.09,0.05,0.27,0.28,0.10,0.04,0.04,0.28,0.19,0.05,0.05,0.03,0.77,0.01,0.96,0.96,0.89,0.71,0.92,0.00,2.51
363,0.24,0.49,0.08,0.27,0.24,0.08,0.05,0.03,0.24,0.20,0.06,0.05,0.07,0.77,0.99,0.96,0.96,0.89,0.71,0.92,0.00,2.87
364,0.23,0.49,0.06,0.27,0.28,0.13,0.06,0.03,0.28,0.19,0.06,0.03,0.03,0.77,0.99,0.96,0.96,0.89,0.71,0.92,0.00,2.91
365,0.23,0.49,0.06,0.22,0.22,0.10,0.03,0.03,0.22,0.19,0.04,0.06,0.06,0.77,0.99,0.96,0.96,0.10,0.71,0.92,0.00,2.72
366,0.27,0.07,0.06,0.27,0.24,0.10,0.05,0.04,0.24,0.19,0.05,0.05,0.05,0.03,0.99,0.96,0.96,0.89,0.71,0.92,0.00,1.71
367,0.24,0.49,0.08,0.27,0.24,0.10,0.05,0.04,0.24,0.20,0.06,0.06,0.06,0.77,0.99,0.96,0.96,0.10,0.71,0.92,0.00,2.90
368,0.23,0.07,0.06,0.22,0.24,0.12,0.04,0.04,0.24,0.20,0.07,0.03,0.02,0.77,0.99,0.96,0.96,0.89,0.71,0.92,0.00,2.35
369,0.23,0.49,0.05,0.26,0.28,0.12,0.03,0.05,0.28,0.22,0.05,0.06,0.05,0.77,0.99,0.96,0.96,0.10,0.71,0.92,0.00,2.94
370,0.23,0.08,0.07,0.26,0.22,0.08,0.06,0.04,0.22,0.20,0.05,0.04,0.03,0.77,0.99,0.96,0.96,0.89,0.71,0.92,0.00,2.35
371,0.24,0.07,0.06,0.22,0.28,0.10,0.04,0.02,0.28,0.22,0.05,0.06,0.03,0.77,0.99,0.96,0.96,0.89,0.28,0.92,0.00,2.44
372,0.24,0.49,0.02,0.22,0.24,0.10,0.03,0.03,0.24,0.22,0.05,0.06,0.03,0.03,0.99,0.96,0.96,0.89,0.28,0.92,0.00,2.00
373,0.23,0.11,0.08,0.27,0.24,0.10,0.04,0.02,0.24,0.18,0.05,0.04,0.03,0.77,0.99,0.96,0.96,0.89,0.28,0.92,0.00,2.40
374,0.23,0.07,0.06,0.26,0.24,0.08,0.05,0.03,0.24,0.20,0.04,0.06,0.07,0.77,0.99,0.96,0.96,0.89,0.71,0.92,0.00,2.40
375,0.27,0.49,0.06,0.22,0.28,0.10,0.03,0.03,0.28,0.20,0.05,0.06,0.01,0.77,0.99,0.96,0.96,0.10,0.71,0.92,0.00,2.85
376,0.27,0.11,0.07,0.22,0.28,0.10,0.04,0.02,0.28,0.18,0.05,0.04,0.05,0.02,0.99,0.96,0.96,0.89,0.71,0.92,0.00,1.73
377,0.23,0.11,0.06,0.26,0.28,0.12,0.04,0.03,0.28,0.20,0.06,0.04,0.04,0.03,0.99,0.96,0.96,0.89,0.71,0.92,0.00,1.78
378,0.23,0.49,0.06,0.24,0.24,0.10,0.06,0.03,0.24,0.20,0.06,0.05,0.03,0.77,0.99,0.96,0.96,0.89,0.28,0.08,0.00,2.80
379,0.23,0.08,0.06,0.27,0.24,0.12,0.02,0.04,0.24,0.18,0.05,0.06,0.07,0.77,0.99,0.96,0.96,0.10,0.28,0.92,0.00,2.43
380,0.24,0.07,0.06,0.22,0.28,0.12,0.03,0.06,0.28,0.19,0.04,0.06,0.01,0.77,0.99,0.96,0.96,0.89,0.28,0.92,0.00,2.43
381,0.23,0.07,0.05,0.26,0.24,0.10,0.04,0.06,0.24,0.18,0.04,0.06,0.02,0.77,0.99,0.96,0.96,0.89,0.71,0.92,0.00,2.36
382,0.27,0.11,0.06,0.24,0.24,0.12,0.03,0.03,0.24,0.20,0.08,0.05,0.06,0.77,0.99,0.96,0.96,0.89,0.71,0.92,0.00,2.50
383,0.23,0.07,0.05,0.24,0.28,0.10,0.04,0.04,0.28,0.20,0.06,0.05,0.03,0.77,0.99,0.96,0.96,0.89,0.28,0.92,0.00,2.44
384,0.23,0.11,0.06,0.24,0.24,0.12,0.03,0.03,0.24,0.22,0.04,0.06,0.02,0.77,0.99,0.96,0.96,0.10,0.71,0.92,0.00,2.41
385,0.24,0.49,0.02,0.22,0.24,0.08,0.03,0.06,0.24,0.22,0.05,0.04,0.07,0.03,0.99,0.96,0.96,0.89,0.28,0.92,0.00,2.03
386,0.24,0.49,0.05,0.26,0.24,0.12,0.04,0.03,0.24,0.19,0.06,0.06,0.02,0.77,0.99,0.96,0.96,0.10,0.71,0.92,0.00,2.81
387,0.27,0.49,0.07,0.27,0.22,0.12,0.05,0.05,0.22,0.18,0.08,0.06,0.07,0.77,0.99,0.96,0.96,0.89,0.71,0.92,0.00,2.92
388,0.24,0.06,0.05,0.22,0.28,0.10,0.04,0.04,0.28,0.22,0.08,0.04,0.06,0.03,0.99,0.96,0.96,0.89,0.28,0.92,0.00,1.74
389,0.23,0.49,0.07,0.26,0.24,0.10,0.04,0.04,0.24,0.20,0.06,0.04,0.07,0.77,0.99,0.96,0.96,0.89,0.71,0.92,0.00,2.85
390,0.27,0.49,0.06,0.26,0.28,0.12,0.05,0.03,0.28,0.18,0.05,0.06,0.03,0.77,0.99,0.96,0.96,0.89,0.28,0.92,0.00,2.93
391,0.24,0.49,0.07,0.22,0.28,0.13,0.03,0.03,0.28,0.22,0.06,0.04,0.05,0.77,0.99,0.96,0.96,0.89,0.28,0.92,0.00,2.91
392,0.27,0.09,0.06,0.26,0.24,0.12,0.05,0.03,0.24,0.20,0.05,0.05,0.05,0.77,0.99,0.96,0.96,0.89,0.28,0.92,0.00,2.48
393,0.27,0.06,0.04,0.22,0.28,0.08,0.06,0.04,0.28,0.22,0.05,0.04,0.07,0.03,0.99,0.96,0.96,0.89,0.71,0.92,0.00,1.74
394,0.24,0.07,0.06,0.27,0.24,0.10,0.04,0.03,0.24,0.20,0.05,0.06,0.02,0.77,0.99,0.96,0.96,0.89,0.71,0.92,0.00,2.39
395,0.27,0.49,0.07,0.22,0.24,0.08,0.05,0.05,0.24,0.18,0.06,0.04,0.03,0.77,0.99,0.96,0.96,0.89,0.71,0.92,0.00,2.79
396,0.23,0.49,0.04,0.27,0.24,0.10,0.04,0.03,0.24,0.20,0.04,0.04,0.02,0.02,0.99,0.96,0.96,0.89,0.28,0.92,0.00,2.00
397,0.23,0.09,0.07,0.22,0.24,0.10,0.04,0.03,0.24,0.19,0.05,0.06,0.01,0.03,0.99,0.96,0.96,0.89,0.71,0.92,0.00,1.60
398,0.27,0.49,0.08,0.24,0.24,0.13,0.06,0.04,0.24,0.20,0.08,0.06,0.02,0.77,0.99,0.96,0.96,0.89,0.71,0.92,0.00,2.92
399,0.23,0.09,0.06,0.22,0.24,0.08,0.04,0.04,0.24,0.20,0.04,0.05,0.03,0.77,0.99,0.96,0.96,0.89,0.71,0.92,0.00,2.33
400,0.24,0.49,0.06,0.27,0.22,0.12,0.05,0.05,0.22,0.18,0.05,0.05,0.06,0.77,0.99,0.96,0.96,0.89,0.71,0.92,0.00,2.83
401,0.24,0.07,0.06,0.27,0.22,0.10,0.05,0.04,0.22,0.20,0.04,0.04,0.01,0.77,0.99,0.96,0.96,0.89,0.71,0.92,0.00,2.33
402,0.23,0.49,0.06,0.27,0.24,0.08,0.02,0.04,0.24,0.22,0.05,0.06,0.07,0.77,0.99,0.96,0.96,0.89,0.28,0.92,0.00,2.84
403,0.24,0.49,0.05,0.27,0.24,0.12,0.02,0.03,0.24,0.22,0.05,0.06,0.03,0.77,0.99,0.96,0.96,0.89,0.71,0.92,0.00,2.83
404,0.27,0.06,0.07,0.24,0.24,0.10,0.05,0.03,0.24,0.18,0.06,0.04,0.03,0.01,0.99,0.96,0.96,0.89,0.71,0.92,0.00,1.62
405,0.24,0.11,0.07,0.27,0.22,0.10,0.05,0.03,0.22,0.19,0.04,0.04,0.02,0.02,0.99,0.96,0.96,0.10,0.71,0.92,0.00,1.62
406,0.24,0.49,0.06,0.26,0.28,0.08,0.06,0.04,0.28,0.18,0.04,0.05,0.03,0.77,0.99,0.96,0.96,0.89,0.71,0.92,0.00,2.86
407,0.23,0.49,0.06,0.27,0.24,0.12,0.04,0.05,0.24,0.22,0.05,0.03,0.01,0.77,0.99,0.96,0.96,0.89,0.71,0.92,0.00,2.82
408,0.23,0.49,0.06,0.22,0.24,0.10,0.04,0.04,0.24,0.22,0.07,0.03,0.04,0.77,0.99,0.96,0.96,0.89,0.71,0.92,0.00,2.79
409,0.23,0.11,0.07,0.26,0.24,0.12,0.05,0.04,0.24,0.20,0.05,0.06,0.02,0.77,0.99,0.96,0.96,0.89,0.71,0.92,0.00,2.46
410,0.23,0.49,0.08,0.24,0.24,0.12,0.05,0.05,0.24,0.18,0.05,0.06,0.02,0.77,0.99,0.96,0.96,0.10,0.28,0.92,0.00,2.82
411,0.23,0.06,0.06,0.26,0.24,0.10,0.04,0.03,0.24,0.22,0.05,0.06,0.03,0.03,0.99,0.96,0.96,0.89,0.71,0.92,0.00,1.65
412,0.23,0.09,0.06,0.27,0.24,0.08,0.06,0.03,0.24,0.19,0.05,0.04,0.06,0.03,0.99,0.96,0.96,0.89,0.71,0.92,0.00,1.67
413,0.27,0.49,0.05,0.27,0.24,0.12,0.03,0.02,0.24,0.22,0.05,0.04,0.02,0.77,0.99,0.96,0.96,0.89,0.71,0.92,0.00,2.83
414,0.27,0.49,0.08,0.24,0.28,0.13,0.03,0.03,0.28,0.22,0.06,0.05,0.04,0.02,0.99,0.96,0.96,0.89,0.71,0.92,0.00,2.22
415,0.27,0.49,0.02,0.22,0.28,0.10,0.03,0.05,0.28,0.18,0.05,0.03,0.02,0.77,0.99,0.96,0.96,0.89,0.71,0.92,0.00,2.79
416,0.27,0.49,0.05,0.26,0.28,0.10,0.05,0.05,0.28,0.20,0.05,0.05,0.03,0.77,0.99,0.96,0.96,0.89,0.28,0.92,0.00,2.93
417,0.23,0.11,0.08,0.27,0.28,0.13,0.03,0.04,0.28,0.20,0.05,0.05,0.03,0.03,0.99,0.96,0.96,0.89,0.28,0.08,0.00,1.81
418,0.23,0.49,0.05,0.27,0.22,0.12,0.03,0.02,0.22,0.22,0.04,0.04,0.02,0.77,0.99,0.96,0.96,0.89,0.71,0.92,0.00,2.74
419,0.27,0.49,0.06,0.22,0.28,0.12,0.03,0.03,0.28,0.20,0.05,0.04,0.04,0.77,0.99,0.96,0.96,0.89,0.71,0.92,0.00,2.88
420,0.24,0.09,0.06,0.24,0.22,0.12,0.05,0.03,0.22,0.22,0.05,0.05,0.02,0.77,0.99,0.96,0.96,0.89,0.71,0.92,0.00,2.38
421,0.23,0.07,0.07,0.26,0.24,0.08,0.06,0.03,0.24,0.20,0.07,0.05,0.03,0.77,0.99,0.96,0.96,0.89,0.71,0.92,0.00,2.40
422,0.23,0.11,0.06,0.27,0.28,0.10,0.05,0.04,0.28,0.22,0.08,0.05,0.05,0.02,0.99,0.96,0.96,0.89,0.71,0.92,0.00,1.84
423,0.23,0.49,0.06,0.24,0.24,0.12,0.04,0.02,0.24,0.22,0.06,0.06,0.07,0.01,0.99,0.96,0.96,0.89,0.28,0.08,0.00,2.10
424,0.27,0.49,0.05,0.24,0.24,0.10,0.03,0.03,0.24,0.20,0.05,0.05,0.05,0.77,0.99,0.96,0.96,0.89,0.71,0.92,0.00,2.81
425,0.23,0.49,0.06,0.27,0.24,0.12,0.03,0.03,0.24,0.20,0.05,0.03,0.03,0.77,0.99,0.96,0.96,0.89,0.28,0.92,0.00,2.79
426,0.27,0.09,0.07,0.22,0.24,0.10,0.04,0.03,0.24,0.18,0.05,0.04,0.02,0.77,0.99,0.96,0.03,0.89,0.71,0.92,0.00,2.36
427,0.27,0.11,0.07,0.27,0.28,0.13,0.03,0.03,0.28,0.19,0.04,0.05,0.01,0.77,0.99,0.96,0.96,0.89,0.71,0.92,0.00,2.53
428,0.23,0.49,0.03,0.22,0.24,0.10,0.05,0.03,0.24,0.20,0.05,0.03,0.02,0.77,0.99,0.96,0.96,0.89,0.71,0.92,0.00,2.70
429,0.23,0.49,0.07,0.27,0.28,0.08,0.04,0.04,0.28,0.22,0.05,0.04,0.06,0.77,0.99,0.96,0.96,0.89,0.71,0.92,0.00,2.92
430,0.23,0.49,0.03,0.26,0.24,0.13,0.05,0.02,0.24,0.20,0.06,0.06,0.04,0.77,0.99,0.96,0.96,0.10,0.71,0.92,0.00,2.82
431,0.27,0.49,0.06,0.26,0.22,0.12,0.06,0.03,0.22,0.20,0.05,0.03,0.03,0.02,0.99,0.96,0.96,0.89,0.28,0.92,0.00,2.06
432,0.27,0.08,0.06,0.26,0.24,0.12,0.06,0.03,0.24,0.20,0.04,0.03,0.03,0.77,0.99,0.96,0.96,0.89,0.28,0.92,0.00,2.43
433,0.24,0.49,0.07,0.27,0.22,0.13,0.05,0.03,0.22,0.22,0.05,0.03,0.02,0.02,0.99,0.96,0.96,0.89,0.71,0.92,0.00,2.06
434,0.23,0.11,0.06,0.26,0.24,0.12,0.03,0.03,0.24,0.20,0.04,0.06,0.07,0.77,0.99,0.96,0.96,0.89,0.71,0.92,0.00,2.46
435,0.27,0.49,0.06,0.26,0.24,0.12,0.05,0.04,0.24,0.20,0.05,0.05,0.02,0.77,0.99,0.96,0.96,0.89,0.28,0.08,0.00,2.86
436,0.23,0.49,0.06,0.26,0.28,0.10,0.04,0.02,0.28,0.19,0.08,0.05,0.03,0.77,0.99,0.96,0.96,0.89,0.71,0.92,0.00,2.88
437,0.27,0.49,0.03,0.22,0.22,0.10,0.05,0.04,0.22,0.19,0.05,0.05,0.07,0.77,0.99,0.96,0.96,0.89,0.71,0.92,0.00,2.77
438,0.27,0.49,0.07,0.22,0.28,0.12,0.05,0.03,0.28,0.19,0.04,0.06,0.02,0.77,0.99,0.96,0.96,0.10,0.71,0.92,0.00,2.89
439,0.24,0.08,0.05,0.24,0.28,0.12,0.04,0.04,0.28,0.18,0.04,0.06,0.07,0.03,0.99,0.96,0.03,0.10,0.71,0.92,0.00,1.75
440,0.24,0.09,0.06,0.27,0.24,0.10,0.06,0.03,0.24,0.22,0.05,0.03,0.03,0.77,0.99,0.96,0.96,0.89,0.71,0.92,0.00,2.43
441,0.23,0.49,0.02,0.27,0.24,0.12,0.04,0.03,0.24,0.20,0.06,0.05,0.06,0.77,0.99,0.96,0.96,0.89,0.28,0.92,0.00,2.82
442,0.27,0.08,0.06,0.24,0.22,0.12,0.05,0.04,0.22,0.20,0.04,0.04,0.07,0.77,0.99,0.96,0.96,0.89,0.71,0.92,0.00,2.42
443,0.24,0.49,0.02,0.22,0.28,0.12,0.04,0.02,0.28,0.22,0.06,0.04,0.03,0.77,0.99,0.96,0.96,0.89,0.28,0.92,0.00,2.83
444,0.24,0.06,0.08,0.26,0.24,0.10,0.03,0.03,0.24,0.20,0.05,0.06,0.05,0.77,0.99,0.96,0.96,0.89,0.71,0.92,0.00,2.41
445,0.24,0.09,0.06,0.24,0.22,0.08,0.03,0.05,0.22,0.20,0.06,0.03,0.03,0.77,0.99,0.96,0.96,0.89,0.71,0.92,0.00,2.32
446,0.23,0.49,0.02,0.24,0.28,0.10,0.05,0.03,0.28,0.20,0.06,0.06,0.03,0.77,0.99,0.96,0.96,0.89,0.71,0.92,0.00,2.84
447,0.27,0.49,0.06,0.22,0.22,0.10,0.04,0.03,0.22,0.20,0.08,0.06,0.06,0.77,0.99,0.96,0.96,0.89,0.71,0.92,0.00,2.82
448,0.27,0.08,0.06,0.24,0.24,0.12,0.05,0.04,0.24,0.19,0.08,0.05,0.03,0.01,0.99,0.96,0.96,0.89,0.71,0.92,0.00,1.70
449,0.24,0.49,0.06,0.26,0.28,0.12,0.06,0.03,0.28,0.20,0.05,0.06,0.06,0.77,0.99,0.96,0.96,0.89,0.71,0.92,0.00,2.96
450,0.27,0.49,0.02,0.24,0.22,0.13,0.03,0.03,0.22,0.18,0.06,0.04,0.07,0.77,0.99,0.96,0.96,0.89,0.71,0.92,0.00,2.77
451,0.27,0.09,0.04,0.26,0.24,0.12,0.05,0.03,0.24,0.18,0.05,0.06,0.03,0.77,0.99,0.96,0.96,0.89,0.28,0.08,0.00,2.43
452,0.27,0.49,0.03,0.27,0.28,0.10,0.04,0.05,0.28,0.20,0.06,0.05,0.05,0.77,0.99,0.96,0.96,0.89,0.71,0.92,0.00,2.94
453,0.23,0.11,0.06,0.26,0.28,0.10,0.04,0.03,0.28,0.19,0.06,0.04,0.07,0.02,0.99,0.96,0.96,0.89,0.71,0.92,0.00,1.77
454,0.27,0.07,0.07,0.22,0.22,0.10,0.04,0.04,0.22,0.20,0.05,0.04,0.02,0.77,0.99,0.96,0.96,0.89,0.71,0.92,0.00,2.33
455,0.24,0.49,0.05,0.22,0.24,0.13,0.05,0.03,0.24,0.20,0.06,0.06,0.02,0.77,0.99,0.96,0.96,0.10,0.28,0.92,0.00,2.80
456,0.23,0.49,0.02,0.27,0.24,0.10,0.04,0.05,0.24,0.22,0.05,0.05,0.06,0.77,0.99,0.96,0.96,0.89,0.28,0.92,0.00,2.83
457,0.23,0.07,0.07,0.27,0.28,0.12,0.04,0.03,0.28,0.18,0.05,0.03,0.03,0.77,0.99,0.96,0.03,0.89,0.28,0.08,0.00,2.45
458,0.27,0.07,0.06,0.27,0.24,0.10,0.04,0.03,0.24,0.20,0.06,0.06,0.07,0.77,0.99,0.96,0.96,0.10,0.71,0.92,0.00,2.48
459,0.24,0.11,0.06,0.22,0.24,0.12,0.03,0.05,0.24,0.18,0.06,0.06,0.03,0.77,0.99,0.96,0.96,0.89,0.28,0.92,0.00,2.41
460,0.27,0.49,0.02,0.24,0.24,0.12,0.05,0.03,0.24,0.20,0.07,0.05,0.05,0.77,0.99,0.96,0.96,0.89,0.71,0.92,0.00,2.84
461,0.23,0.09,0.06,0.24,0.24,0.12,0.05,0.06,0.24,0.22,0.05,0.06,0.07,0.02,0.99,0.96,0.96,0.10,0.71,0.92,0.00,1.75
462,0.24,0.49,0.06,0.27,0.22,0.12,0.05,0.04,0.22,0.22,0.06,0.04,0.03,0.77,0.99,0.96,0.96,0.10,0.71,0.92,0.00,2.83
463,0.27,0.07,0.05,0.22,0.22,0.10,0.04,0.06,0.22,0.20,0.07,0.05,0.03,0.01,0.99,0.96,0.96,0.89,0.71,0.92,0.00,1.61
464,0.23,0.49,0.02,0.26,0.24,0.10,0.03,0.03,0.24,0.20,0.06,0.04,0.05,0.77,0.99,0.96,0.96,0.89,0.71,0.92,0.00,2.76
465,0.24,0.07,0.05,0.24,0.28,0.12,0.04,0.04,0.28,0.19,0.05,0.06,0.03,0.77,0.99,0.96,0.96,0.89,0.71,0.92,0.00,2.46
466,0.23,0.08,0.05,0.27,0.28,0.10,0.04,0.03,0.28,0.20,0.04,0.05,0.06,0.77,0.99,0.96,0.96,0.89,0.71,0.92,0.00,2.48
467,0.27,0.49,0.08,0.24,0.28,0.10,0.03,0.03,0.28,0.18,0.05,0.04,0.06,0.77,0.99,0.96,0.96,0.89,0.71,0.92,0.00,2.90
468,0.24,0.49,0.06,0.26,0.24,0.10,0.03,0.04,0.24,0.18,0.05,0.04,0.05,0.77,0.99,0.96,0.96,0.89,0.71,0.92,0.00,2.79
469,0.24,0.49,0.06,0.26,0.24,0.10,0.03,0.03,0.24,0.20,0.06,0.06,0.04,0.77,0.99,0.96,0.96,0.89,0.71,0.92,0.00,2.82
470,0.24,0.07,0.08,0.22,0.22,0.10,0.05,0.06,0.22,0.20,0.06,0.04,0.07,0.77,0.99,0.96,0.96,0.10,0.28,0.08,0.00,2.40
471,0.27,0.49,0.02,0.22,0.24,0.10,0.05,0.03,0.24,0.19,0.05,0.06,0.07,0.77,0.99,0.96,0.96,0.89,0.71,0.92,0.00,2.80
472,0.23,0.08,0.06,0.26,0.24,0.10,0.05,0.04,0.24,0.20,0.05,0.06,0.05,0.77,0.99,0.96,0.96,0.89,0.71,0.92,0.00,2.43
473,0.23,0.06,0.04,0.22,0.28,0.12,0.04,0.03,0.28,0.18,0.04,0.06,0.03,0.77,0.99,0.96,0.96,0.89,0.71,0.92,0.00,2.38
474,0.23,0.49,0.06,0.24,0.22,0.08,0.03,0.04,0.22,0.20,0.05,0.04,0.05,0.77,0.99,0.96,0.96,0.89,0.71,0.92,0.00,2.72
475,0.23,0.08,0.06,0.26,0.24,0.10,0.04,0.04,0.24,0.20,0.05,0.06,0.04,0.03,0.99,0.96,0.03,0.89,0.71,0.92,0.00,1.67
476,0.24,0.11,0.06,0.24,0.28,0.12,0.03,0.03,0.28,0.18,0.06,0.04,0.05,0.77,0.99,0.96,0.96,0.89,0.71,0.92,0.00,2.49
477,0.23,0.49,0.06,0.26,0.22,0.10,0.05,0.06,0.22,0.20,0.04,0.04,0.07,0.77,0.99,0.96,0.96,0.89,0.71,0.92,0.00,2.81
478,0.27,0.49,0.06,0.26,0.28,0.12,0.05,0.06,0.28,0.19,0.05,0.04,0.03,0.77,0.99,0.96,0.96,0.89,0.28,0.92,0.00,2.95
479,0.23,0.49,0.05,0.27,0.28,0.13,0.04,0.04,0.28,0.19,0.05,0.06,0.03,0.77,0.99,0.96,0.96,0.89,0.71,0.92,0.00,2.91
480,0.27,0.06,0.07,0.26,0.22,0.13,0.02,0.03,0.22,0.20,0.05,0.06,0.06,0.77,0.99,0.96,0.96,0.89,0.28,0.92,0.00,2.42
481,0.23,0.49,0.02,0.26,0.28,0.10,0.05,0.04,0.28,0.20,0.08,0.06,0.03,0.77,0.99,0.96,0.96,0.89,0.71,0.92,0.00,2.89
482,0.24,0.11,0.06,0.22,0.24,0.12,0.04,0.03,0.24,0.20,0.05,0.05,0.07,0.77,0.99,0.96,0.03,0.89,0.28,0.92,0.00,2.44
483,0.24,0.49,0.03,0.26,0.22,0.10,0.04,0.04,0.22,0.19,0.05,0.04,0.05,0.02,0.99,0.96,0.96,0.89,0.71,0.92,0.00,1.99
484,0.27,0.49,0.06,0.24,0.24,0.10,0.05,0.03,0.24,0.19,0.07,0.06,0.02,0.77,0.99,0.96,0.96,0.89,0.71,0.92,0.00,2.83
485,0.27,0.49,0.05,0.26,0.22,0.08,0.06,0.04,0.22,0.18,0.05,0.04,0.03,0.03,0.99,0.96,0.96,0.10,0.28,0.92,0.00,2.02
486,0.24,0.49,0.05,0.26,0.22,0.12,0.05,0.04,0.22,0.20,0.06,0.04,0.06,0.77,0.99,0.96,0.96,0.89,0.71,0.92,0.00,2.82
487,0.27,0.49,0.02,0.22,0.24,0.10,0.04,0.03,0.24,0.20,0.06,0.06,0.03,0.77,0.99,0.96,0.96,0.10,0.71,0.92,0.00,2.77
488,0.27,0.08,0.06,0.24,0.28,0.10,0.06,0.02,0.28,0.19,0.05,0.05,0.07,0.77,0.99,0.96,0.96,0.89,0.71,0.92,0.00,2.52
489,0.23,0.49,0.08,0.27,0.24,0.13,0.03,0.04,0.24,0.22,0.05,0.04,0.02,0.77,0.99,0.96,0.96,0.89,0.28,0.92,0.00,2.85
490,0.23,0.49,0.06,0.26,0.24,0.10,0.05,0.04,0.24,0.20,0.05,0.05,0.06,0.77,0.99,0.96,0.96,0.89,0.71,0.92,0.00,2.84
491,0.27,0.49,0.06,0.26,0.24,0.08,0.03,0.04,0.24,0.19,0.05,0.04,0.02,0.77,0.99,0.96,0.96,0.89,0.28,0.92,0.00,2.78
492,0.27,0.11,0.04,0.27,0.22,0.10,0.05,0.04,0.22,0.18,0.04,0.04,0.05,0.77,0.99,0.96,0.96,0.89,0.71,0.92,0.00,2.40
493,0.23,0.49,0.07,0.24,0.28,0.10,0.04,0.04,0.28,0.20,0.07,0.06,0.06,0.77,0.99,0.96,0.96,0.10,0.71,0.92,0.00,2.93
494,0.27,0.11,0.06,0.27,0.28,0.12,0.02,0.05,0.28,0.19,0.06,0.05,0.07,0.77,0.99,0.96,0.96,0.89,0.71,0.92,0.00,2.60
495,0.27,0.07,0.06,0.22,0.28,0.10,0.05,0.04,0.28,0.22,0.05,0.06,0.03,0.77,0.99,0.03,0.96,0.89,0.71,0.92,0.00,2.50
496,0.23,0.49,0.06,0.24,0.24,0.10,0.04,0.04,0.24,0.20,0.05,0.05,0.01,0.77,0.99,0.96,0.96,0.89,0.71,0.92,0.00,2.76
497,0.23,0.49,0.06,0.24,0.22,0.13,0.04,0.06,0.22,0.22,0.05,0.05,0.03,0.03,0.99,0.96,0.96,0.89,0.28,0.92,0.00,2.07
498,0.23,0.07,0.06,0.22,0.24,0.08,0.03,0.04,0.24,0.20,0.05,0.05,0.03,0.77,0.99,0.96,0.96,0.89,0.71,0.92,0.00,2.31
499,0.23,0.08,0.05,0.24,0.22,0.12,0.03,0.04,0.22,0.19,0.05,0.05,0.03,0.77,0.99,0.96,0.96,0.89,0.28,0.92,0.00,2.32
500,0.24,0.49,0.06,0.24,0.22,0.10,0.05,0.05,0.22,0.22,0.05,0.06,0.03,0.77,0.99,0.96,0.96,0.89,0.71,0.92,0.00,2.80